[
  {
    "IndexName": "status_sort_order",
    "MgoKeySchema": {
      "MgoIndexKeys": [
        {
          "Name": "status",
          "Direction": "1"
        },
        {
          "Name": "sort_order",
          "Direction": "-1"
        }
      ],
      "MgoIsUnique": false
    }
  },
  {
    "IndexName": "status_created_at",
    "MgoKeySchema": {
      "MgoIndexKeys": [
        {
          "Name": "status",
          "Direction": "1"
        },
        {
          "Name": "created_at",
          "Direction": "-1"
        }
      ],
      "MgoIsUnique": false
    }
  },
  {
    "IndexName": "link_type_status",
    "MgoKeySchema": {
      "MgoIndexKeys": [
        {
          "Name": "link_type",
          "Direction": "1"
        },
        {
          "Name": "status",
          "Direction": "1"
        }
      ],
      "MgoIsUnique": false
    }
  },
  {
    "IndexName": "start_date_end_date",
    "MgoKeySchema": {
      "MgoIndexKeys": [
        {
          "Name": "start_date",
          "Direction": "1"
        },
        {
          "Name": "end_date",
          "Direction": "1"
        }
      ],
      "MgoIsUnique": false
    }
  },
  {
    "IndexName": "created_by_created_at",
    "MgoKeySchema": {
      "MgoIndexKeys": [
        {
          "Name": "created_by",
          "Direction": "1"
        },
        {
          "Name": "created_at",
          "Direction": "-1"
        }
      ],
      "MgoIsUnique": false
    }
  }
] 