[
  {
    "_id": "booking_policy_demo_001",
    "product_id": "41767537",
    "travel_agency_info": {
      "agent": "成都携程国际旅行社有限公司",
      "delegate": "西藏美丽华旅行社有限公司"
    },
    "booking_restrictions": {
      "age_limit": "其他限制| 如产品确认单或补充条款中的约定与旅游合同主协议不一致的，以产品确认单或补充条款为准",
      "group_limit": "* 单人/多人入住政策",
      "other_limit": "多人入住| 本产品可尝试申请3人间或加床服务，如您需3成人入住1间房，在预订时备注，后续是否可以安排及相关费用以员工回复为准（温馨提示：当地酒店面积小，加床可能会引起您的不便）当地酒店政策原因，如2位成人携带2位或2位以上儿童出游，请选择2间房"
    },
    "accommodation_policy": {
      "multi_person": "多人入住| 本产品可尝试申请3人间或加床服务，如您需3成人入住1间房，在预订时备注，后续是否可以安排及相关费用以员工回复为准（温馨提示：当地酒店面积小，加床可能会引起您的不便）当地酒店政策原因，如2位成人携带2位或2位以上儿童出游，请选择2间房"
    },
    "group_info": {
      "group_description": "本产品一单一团，最少成团人数1人，订单一经携程旅行网以书面形式确认后均默认发团，若因旅行社原因未发团，旅行社将按双方合同约定的违约条款予以赔付",
      "departure_notice": "最晚在出行前1天20点，您将收到《出团通知书》（付款时间在出发前1天18点后的，会于出发当天12点前发送）。如未收到请及时联系工作人员。集合时间可参考网站披露，具体请以《出团通知书》或服务人员通知为准"
    },
    "booking_requirements": [
      "如为多人出行，预订人/旅游者代表确认已征得其余全体出行人同意作为本次旅游签约代表，受托人在旅游合同及其附件上的签字全体委托人均予以认可。如您未取得授权，请不要代为预订下单/签署合同",
      "为确保未成年人出行安全，建议未成年出行由监护人陪同或同行者持监护人委托证明",
      "请您在预订时务必提供准确、完整的信息（姓名、性别、证件号码、国籍、联系方式等），以免产生预订错误，影响出行。如因您提供信息错误而造成损失，由您自行承担",
      "携程自营合作产品会根据市场表现和用户反馈进行动态调整，实际以预订时为准.",
      "本产品目的地海拔较高，有严重高血压、心脏病等疾病的客人及老年客人，请根据自身条件，遵医嘱，谨慎决定是否出行，报名后，请提前备好能够有效缓解因高原反应引起的症状药物，并做好行前各项准备。高原地区气候干燥，日照强烈，紫外线强，建议客人带好墨镜、太阳帽、防晒霜、润唇膏等物品；高原地区早晚温差大，请客人准备长袖衣裤及防寒衣物，另外建议携带感冒药、肠胃药、阿斯匹林、安定、头痛粉等药品，以防高原反应引起的身体不适。行程中，如有身体不适请第一时间通知随团服务人员及旅行社，同时让服务人员协助就医，遵循医嘱",
      "由于西藏旅游团队信息需要备案，烦请在预订时向我司工作人员提供出行人的如下信息：身份证的签发机关、身份证上的住址以及身份证的有效期限（少数民族客人，请注明民族）。",
      "如若您的户籍属于或曾属于藏区（西藏自治区及四川、云南、甘肃、青海、内蒙的藏族自治州、自治县、自治村）或新疆籍，因目的地原因无法协助代办边防证，需您自行在户籍所在地办理后再报名（工作日一般当天可出签，具体以当地实际情况为准），如有不便，敬请谅解",
      "出游过程中，如遇不可抗力因素造成景点/场馆未能正常游玩/参观，服务人员经与您协商一致后可根据实际情况取消或更换该景点/场馆，或由服务人员在现场按旅游产品中的门票价退还费用（退费不以景区/场馆挂牌价为准），敬请谅解",
      "本产品行程实际出行中，在不减少景点/场馆且征得您同意的前提下，随团服务人员、司机可能会根据天气、交通等情况，对您的行程进行适当调整（如调整景点/场馆的游览/参观顺序、变更集合时间等），以确保行程顺利进行",
      "布达拉宫门票是每日限量销售，参观时间可能提前或延后，因此参观布达拉宫时间可能会影响到整体线路游览顺序的调整。参观布达拉宫游客必须携带本人有效身份证原件。因参观布宫实行实名制，游客名单入藏前已上传至布宫相关部门审核，并随机打乱顺序，游客参观布宫有可能会出现不能与结伴者同一时间进入参观游览，会出现按时间段分批分拨进入布宫的现象，也会出现等待时间较长的情况，敬请谅解",
      "因当地经济条件有限，交通、酒店服务及设施、餐饮等方面与发达城市相比会有一定的差距，敬请谅解",
      "植物类景观（枫叶、樱花、油菜花等），可能会因天气原因导致观花不佳等情况，敬请谅解",
      "本产品全程不含购物店行程（景区景点/场馆及邮轮内等非携程商家组织的购物不包括在内），无任何购物强制消费，若擅自增加购物活动，一经查实，我司将向您赔付旅游费用总额10%的违约金",
      "在旅游行程中，个别景区景点/场馆、餐厅、休息区等地存在非旅行社安排的购物场所。携程提醒您根据自身需要，理性消费并索要凭证。如产生消费争议，将由您自行承担，敬请谅解",
      "本产品涉及高海拔行程，心肺、贫血、高血压Ⅱ期等疾病患者及孕妇，建议充分评估自身情况后选择",
      "持军官证、老年证、学生证等其他符合景区/场馆门票优惠政策条件的游客，出行时请携带好证件原件，具体门票可享优惠政策及优惠金额以服务人员现场评估为准",
      "出行期间请随身携带本人的有效身份证原件，未满16周岁者请携带户口本原件；超过16周岁的游客若没有办理身份证，请在户口所在地开出相关身份证明，以免影响登机或酒店入住。出行前请务必检查自己证件的有效期"
    ],
    "violation_terms": {
      "agency_violation": [
        "行程开始当日| 60%",
        "如按上述比例支付的违约金不足以赔偿旅游者的实际损失，旅行社应当按实际损失对旅游者予以赔偿。"
      ],
      "tourist_violation": [
        "行程开始当日| 60%",
        "如按上述约定比例扣除的必要的费用低于实际发生的费用，旅游者按照实际发生的费用支付，但最高额不应当超过旅游费用总额。因部分旅游资源需提前预订的特殊性，本产品线路在旅行社成团后至出行前6天外取消的，也将产生实际损失，具体损失包括但不限于机票、酒店等，如旅游者需要取消订单，应及时联系旅行社，旅行社除协助旅游者减损并退还未实际发生的损失费用外不再承担其他赔偿责任。"
      ]
    },
    "travel_guide": [
      "为了您能够平安顺利的完成本次旅游行程，请您仔细阅读[ 【西藏旅游须知】](https://pages.ctrip.com/tour/250418/%E8%A5%BF%E8%97%8F.pdf)",
      "进藏前2-3天需要有良好的睡眠，不可过度熬夜，以免增加抵达西藏的不适。有心理负担的、处于亚健康或有暗疾的、或者进藏后有不适情况的，请前往医院就医",
      "因西藏线路行车时间较长，建议准备一些类如巧克力、牛肉干的食品备用",
      "进藏当天需要在宾馆静心休息，晚上尽量不要洗澡，以免感冒引起肺水肿或因缺氧加剧高原反应。无不良反应的客人也应尽量不剧烈运动，不喝酒、抽烟，以保证后面的行程圆满完成",
      "出入境的行李物品免税额度、申报制度、物品的分类原则和计税价格等政策，详情可访问中华人民共和国海关总署网站"
    ],
    "safety_tips": [
      "禁忌提示：请尊重当地的饮食习惯、习俗禁忌、宗教礼仪等，入乡随俗，融入当地的民风民情",
      "为了您人身、财产的安全，请您避免在公开场合暴露贵重物品及大量现金。上街时需时刻看管好首饰、相机等随身物品",
      "游泳、漂流、潜水、滑雪、溜冰、戏雪、冲浪、探险、热气球、高山索道等活动项目，均存在危险。参与前请根据自身条件，并充分参考当地相关部门及其它专业机构的相关公告和建议后量力而行",
      "携程从出行常识、旅游活动（风险性项目）和特殊人群三方面为您提供旅游安全指南，请您仔细阅读[ 安全指南及警示](https://vacations.ctrip.com/notes/4939.html)。",
      "为普及旅游安全知识及旅游文明公约，使您的旅程安全顺利圆满完成，特制定[《携程旅游告游客注意事项》](https://pages.ctrip.com/tour/pdf3/20130930.pdf)请您认真阅读并切实遵守，同时上海文化和旅游局推荐您阅读[《文明旅游注意事项》](http://www.shtour.org/npugFPNT3Lc)，让我们一起用文明的方式，探索世界的美好",
      "为确保锂电池的安全运输，避免发生不安全事件，我们友情提醒您，民航局将对旅客携带锂电池乘机进行严格检查。详情请参考[ 民航局关于旅客行李中携带"锂电池、充电宝"乘机规定的公告](https://vacations.ctrip.com/notes/4926.html)。"
    ],
    "payment_info": {
      "supported_methods": [
        "现金",
        "信用卡",
        "网银/第三方",
        "礼品卡",
        "储蓄卡",
        "现金余额",
        "拿去花"
      ],
      "payment_notes": [
        "_付款时间：_ 为确保您的订单资源，请在提交订单时立即付款。 _常见支付方式说明：_ 1、现金支付：上门收款（支持现金、pos机）。 2、信用卡：无需开通网上银行，支持大额支付。客户自行在网上操作或电话下单时根据语音提示操作。 3、网上银行：支持开通网上银行的储蓄卡及信用卡。客户自行在网上操作。 4、第三方：支付宝，银联在线，财付通，微信支付 5、礼品卡支付"
      ]
    },
    "status": "active",
    "created_at": {
      "$env": "now"
    },
    "updated_at": {
      "$env": "now"
    }
  },
  {
    "_id": "booking_policy_demo_002",
    "product_id": "41767537",
    "travel_agency_info": {
      "agent": "成都携程国际旅行社有限公司",
      "delegate": "西藏美丽华旅行社有限公司"
    },
    "booking_restrictions": {
      "age_limit": "其他限制| 如产品确认单或补充条款中的约定与旅游合同主协议不一致的，以产品确认单或补充条款为准",
      "group_limit": "* 单人/多人入住政策",
      "other_limit": "多人入住| 本产品可尝试申请3人间或加床服务，如您需3成人入住1间房，在预订时备注，后续是否可以安排及相关费用以员工回复为准（温馨提示：当地酒店面积小，加床可能会引起您的不便）当地酒店政策原因，如2位成人携带2位或2位以上儿童出游，请选择2间房"
    },
    "accommodation_policy": {
      "multi_person": "多人入住| 本产品可尝试申请3人间或加床服务，如您需3成人入住1间房，在预订时备注，后续是否可以安排及相关费用以员工回复为准（温馨提示：当地酒店面积小，加床可能会引起您的不便）当地酒店政策原因，如2位成人携带2位或2位以上儿童出游，请选择2间房"
    },
    "group_info": {
      "group_description": "本产品一单一团，最少成团人数1人，订单一经携程旅行网以书面形式确认后均默认发团，若因旅行社原因未发团，旅行社将按双方合同约定的违约条款予以赔付",
      "departure_notice": "最晚在出行前1天20点，您将收到《出团通知书》（付款时间在出发前1天18点后的，会于出发当天12点前发送）。如未收到请及时联系工作人员。集合时间可参考网站披露，具体请以《出团通知书》或服务人员通知为准"
    },
    "booking_requirements": [
      "如为多人出行，预订人/旅游者代表确认已征得其余全体出行人同意作为本次旅游签约代表，受托人在旅游合同及其附件上的签字全体委托人均予以认可。如您未取得授权，请不要代为预订下单/签署合同",
      "为确保未成年人出行安全，建议未成年出行由监护人陪同或同行者持监护人委托证明",
      "请您在预订时务必提供准确、完整的信息（姓名、性别、证件号码、国籍、联系方式等），以免产生预订错误，影响出行。如因您提供信息错误而造成损失，由您自行承担",
      "携程自营合作产品会根据市场表现和用户反馈进行动态调整，实际以预订时为准.",
      "本产品目的地海拔较高，有严重高血压、心脏病等疾病的客人及老年客人，请根据自身条件，遵医嘱，谨慎决定是否出行，报名后，请提前备好能够有效缓解因高原反应引起的症状药物，并做好行前各项准备。高原地区气候干燥，日照强烈，紫外线强，建议客人带好墨镜、太阳帽、防晒霜、润唇膏等物品；高原地区早晚温差大，请客人准备长袖衣裤及防寒衣物，另外建议携带感冒药、肠胃药、阿斯匹林、安定、头痛粉等药品，以防高原反应引起的身体不适。行程中，如有身体不适请第一时间通知随团服务人员及旅行社，同时让服务人员协助就医，遵循医嘱",
      "由于西藏旅游团队信息需要备案，烦请在预订时向我司工作人员提供出行人的如下信息：身份证的签发机关、身份证上的住址以及身份证的有效期限（少数民族客人，请注明民族）。",
      "如若您的户籍属于或曾属于藏区（西藏自治区及四川、云南、甘肃、青海、内蒙的藏族自治州、自治县、自治村）或新疆籍，因目的地原因无法协助代办边防证，需您自行在户籍所在地办理后再报名（工作日一般当天可出签，具体以当地实际情况为准），如有不便，敬请谅解",
      "出游过程中，如遇不可抗力因素造成景点/场馆未能正常游玩/参观，服务人员经与您协商一致后可根据实际情况取消或更换该景点/场馆，或由服务人员在现场按旅游产品中的门票价退还费用（退费不以景区/场馆挂牌价为准），敬请谅解",
      "本产品行程实际出行中，在不减少景点/场馆且征得您同意的前提下，随团服务人员、司机可能会根据天气、交通等情况，对您的行程进行适当调整（如调整景点/场馆的游览/参观顺序、变更集合时间等），以确保行程顺利进行",
      "布达拉宫门票是每日限量销售，参观时间可能提前或延后，因此参观布达拉宫时间可能会影响到整体线路游览顺序的调整。参观布达拉宫游客必须携带本人有效身份证原件。因参观布宫实行实名制，游客名单入藏前已上传至布宫相关部门审核，并随机打乱顺序，游客参观布宫有可能会出现不能与结伴者同一时间进入参观游览，会出现按时间段分批分拨进入布宫的现象，也会出现等待时间较长的情况，敬请谅解",
      "因当地经济条件有限，交通、酒店服务及设施、餐饮等方面与发达城市相比会有一定的差距，敬请谅解",
      "植物类景观（枫叶、樱花、油菜花等），可能会因天气原因导致观花不佳等情况，敬请谅解",
      "本产品全程不含购物店行程（景区景点/场馆及邮轮内等非携程商家组织的购物不包括在内），无任何购物强制消费，若擅自增加购物活动，一经查实，我司将向您赔付旅游费用总额10%的违约金",
      "在旅游行程中，个别景区景点/场馆、餐厅、休息区等地存在非旅行社安排的购物场所。携程提醒您根据自身需要，理性消费并索要凭证。如产生消费争议，将由您自行承担，敬请谅解",
      "本产品涉及高海拔行程，心肺、贫血、高血压Ⅱ期等疾病患者及孕妇，建议充分评估自身情况后选择",
      "持军官证、老年证、学生证等其他符合景区/场馆门票优惠政策条件的游客，出行时请携带好证件原件，具体门票可享优惠政策及优惠金额以服务人员现场评估为准",
      "出行期间请随身携带本人的有效身份证原件，未满16周岁者请携带户口本原件；超过16周岁的游客若没有办理身份证，请在户口所在地开出相关身份证明，以免影响登机或酒店入住。出行前请务必检查自己证件的有效期"
    ],
    "violation_terms": {
      "agency_violation": [
        "行程开始当日| 60%",
        "如按上述比例支付的违约金不足以赔偿旅游者的实际损失，旅行社应当按实际损失对旅游者予以赔偿。"
      ],
      "tourist_violation": [
        "行程开始当日| 60%",
        "如按上述约定比例扣除的必要的费用低于实际发生的费用，旅游者按照实际发生的费用支付，但最高额不应当超过旅游费用总额。因部分旅游资源需提前预订的特殊性，本产品线路在旅行社成团后至出行前6天外取消的，也将产生实际损失，具体损失包括但不限于机票、酒店等，如旅游者需要取消订单，应及时联系旅行社，旅行社除协助旅游者减损并退还未实际发生的损失费用外不再承担其他赔偿责任。"
      ]
    },
    "travel_guide": [
      "为了您能够平安顺利的完成本次旅游行程，请您仔细阅读[ 【西藏旅游须知】](https://pages.ctrip.com/tour/250418/%E8%A5%BF%E8%97%8F.pdf)",
      "进藏前2-3天需要有良好的睡眠，不可过度熬夜，以免增加抵达西藏的不适。有心理负担的、处于亚健康或有暗疾的、或者进藏后有不适情况的，请前往医院就医",
      "因西藏线路行车时间较长，建议准备一些类如巧克力、牛肉干的食品备用",
      "进藏当天需要在宾馆静心休息，晚上尽量不要洗澡，以免感冒引起肺水肿或因缺氧加剧高原反应。无不良反应的客人也应尽量不剧烈运动，不喝酒、抽烟，以保证后面的行程圆满完成",
      "出入境的行李物品免税额度、申报制度、物品的分类原则和计税价格等政策，详情可访问中华人民共和国海关总署网站"
    ],
    "safety_tips": [
      "禁忌提示：请尊重当地的饮食习惯、习俗禁忌、宗教礼仪等，入乡随俗，融入当地的民风民情",
      "为了您人身、财产的安全，请您避免在公开场合暴露贵重物品及大量现金。上街时需时刻看管好首饰、相机等随身物品",
      "游泳、漂流、潜水、滑雪、溜冰、戏雪、冲浪、探险、热气球、高山索道等活动项目，均存在危险。参与前请根据自身条件，并充分参考当地相关部门及其它专业机构的相关公告和建议后量力而行",
      "携程从出行常识、旅游活动（风险性项目）和特殊人群三方面为您提供旅游安全指南，请您仔细阅读[ 安全指南及警示](https://vacations.ctrip.com/notes/4939.html)。",
      "为普及旅游安全知识及旅游文明公约，使您的旅程安全顺利圆满完成，特制定[《携程旅游告游客注意事项》](https://pages.ctrip.com/tour/pdf3/20130930.pdf)请您认真阅读并切实遵守，同时上海文化和旅游局推荐您阅读[《文明旅游注意事项》](http://www.shtour.org/npugFPNT3Lc)，让我们一起用文明的方式，探索世界的美好",
      "为确保锂电池的安全运输，避免发生不安全事件，我们友情提醒您，民航局将对旅客携带锂电池乘机进行严格检查。详情请参考[ 民航局关于旅客行李中携带"锂电池、充电宝"乘机规定的公告](https://vacations.ctrip.com/notes/4926.html)。"
    ],
    "payment_info": {
      "supported_methods": [
        "现金",
        "信用卡",
        "网银/第三方",
        "礼品卡",
        "储蓄卡",
        "现金余额",
        "拿去花"
      ],
      "payment_notes": [
        "_付款时间：_ 为确保您的订单资源，请在提交订单时立即付款。 _常见支付方式说明：_ 1、现金支付：上门收款（支持现金、pos机）。 2、信用卡：无需开通网上银行，支持大额支付。客户自行在网上操作或电话下单时根据语音提示操作。 3、网上银行：支持开通网上银行的储蓄卡及信用卡。客户自行在网上操作。 4、第三方：支付宝，银联在线，财付通，微信支付 5、礼品卡支付"
      ]
    },
    "status": "active",
    "created_at": {
      "$env": "now"
    },
    "updated_at": {
      "$env": "now"
    }
  },
  {
    "_id": "booking_policy_54780693",
    "product_id": "54780693",
    "travel_agency_info": {
      "agent": "北京携程国际旅行社有限公司",
      "delegate": "西藏美丽华旅行社有限公司"
    },
    "booking_restrictions": {
      "age_limit": "其他限制| 如产品确认单或补充条款中的约定与旅游合同主协议不一致的，以产品确认单或补充条款为准",
      "group_limit": "* 单人/多人入住政策",
      "other_limit": "多人入住| 本产品可尝试申请3人间或加床服务，如您需3成人入住1间房，在预订时备注，后续是否可以安排及相关费用以员工回复为准（温馨提示：当地酒店面积小，加床可能会引起您的不便）当地酒店政策原因，如2位成人携带2位或2位以上儿童出游，请选择2间房"
    },
    "accommodation_policy": {
      "multi_person": "多人入住| 本产品可尝试申请3人间或加床服务，如您需3成人入住1间房，在预订时备注，后续是否可以安排及相关费用以员工回复为准（温馨提示：当地酒店面积小，加床可能会引起您的不便）当地酒店政策原因，如2位成人携带2位或2位以上儿童出游，请选择2间房"
    },
    "group_info": {
      "group_description": "本产品一单一团，最少成团人数1人，订单一经携程旅行网以书面形式确认后均默认发团，若因旅行社原因未发团，旅行社将按双方合同约定的违约条款予以赔付",
      "departure_notice": "最晚在出行前1天20点，您将收到《出团通知书》（付款时间在出发前1天18点后的，会于出发当天12点前发送）。如未收到请及时联系工作人员。集合时间可参考网站披露，具体请以《出团通知书》或服务人员通知为准"
    },
    "booking_requirements": [
      "如为多人出行，预订人/旅游者代表确认已征得其余全体出行人同意作为本次旅游签约代表，受托人在旅游合同及其附件上的签字全体委托人均予以认可。如您未取得授权，请不要代为预订下单/签署合同",
      "为确保未成年人出行安全，建议未成年出行由监护人陪同或同行者持监护人委托证明",
      "请您在预订时务必提供准确、完整的信息（姓名、性别、证件号码、国籍、联系方式等），以免产生预订错误，影响出行。如因您提供信息错误而造成损失，由您自行承担",
      "携程自营合作产品会根据市场表现和用户反馈进行动态调整，实际以预订时为准.",
      "本产品目的地海拔较高，有严重高血压、心脏病等疾病的客人及老年客人，请根据自身条件，遵医嘱，谨慎决定是否出行，报名后，请提前备好能够有效缓解因高原反应引起的症状药物，并做好行前各项准备。高原地区气候干燥，日照强烈，紫外线强，建议客人带好墨镜、太阳帽、防晒霜、润唇膏等物品；高原地区早晚温差大，请客人准备长袖衣裤及防寒衣物，另外建议携带感冒药、肠胃药、阿斯匹林、安定、头痛粉等药品，以防高原反应引起的身体不适。行程中，如有身体不适请第一时间通知随团服务人员及旅行社，同时让服务人员协助就医，遵循医嘱",
      "由于西藏旅游团队信息需要备案，烦请在预订时向我司工作人员提供出行人的如下信息：身份证的签发机关、身份证上的住址以及身份证的有效期限（少数民族客人，请注明民族）。",
      "如若您的户籍属于或曾属于藏区（西藏自治区及四川、云南、甘肃、青海、内蒙的藏族自治州、自治县、自治村）或新疆籍，因目的地原因无法协助代办边防证，需您自行在户籍所在地办理后再报名（工作日一般当天可出签，具体以当地实际情况为准），如有不便，敬请谅解",
      "出游过程中，如遇不可抗力因素造成景点/场馆未能正常游玩/参观，服务人员经与您协商一致后可根据实际情况取消或更换该景点/场馆，或由服务人员在现场按旅游产品中的门票价退还费用（退费不以景区/场馆挂牌价为准），敬请谅解",
      "赠送项目，景区/场馆有权依自身承载能力以及天气因素等原因决定是否提供，您也可以选择参加或者不参加",
      "12岁（不含）以下的儿童不建议出行，如果坚持出行，请您关注儿童的身体状况酌情出行并对随行儿童的健康负责",
      "本产品行程实际出行中，在不减少景点/场馆且征得您同意的前提下，随团服务人员、司机可能会根据天气、交通等情况，对您的行程进行适当调整（如调整景点/场馆的游览/参观顺序、变更集合时间等），以确保行程顺利进行",
      "布达拉宫门票是每日限量销售，参观时间可能提前或延后，因此参观布达拉宫时间可能会影响到整体线路游览顺序的调整。参观布达拉宫游客必须携带本人有效身份证原件。因参观布宫实行实名制，游客名单入藏前已上传至布宫相关部门审核，并随机打乱顺序，游客参观布宫有可能会出现不能与结伴者同一时间进入参观游览，会出现按时间段分批分拨进入布宫的现象，也会出现等待时间较长的情况，敬请谅解",
      "因当地经济条件有限，交通、酒店服务及设施、餐饮等方面与发达城市相比会有一定的差距，敬请谅解",
      "植物类景观（枫叶、樱花、油菜花等），可能会因天气原因导致观花不佳等情况，敬请谅解",
      "本产品全程不含购物店行程（景区景点/场馆及邮轮内等非携程商家组织的购物不包括在内），无任何购物强制消费，若擅自增加购物活动，一经查实，我司将向您赔付旅游费用总额10%的违约金",
      "在旅游行程中，个别景区景点/场馆、餐厅、休息区等地存在非旅行社安排的购物场所。携程提醒您根据自身需要，理性消费并索要凭证。如产生消费争议，将由您自行承担，敬请谅解",
      "本产品涉及高海拔行程，心肺、贫血、高血压Ⅱ期等疾病患者及孕妇，建议充分评估自身情况后选择",
      "持军官证、老年证、学生证等其他符合景区/场馆门票优惠政策条件的游客，出行时请携带好证件原件，具体门票可享优惠政策及优惠金额以服务人员现场评估为准",
      "出行期间请随身携带本人的有效身份证原件，未满16周岁者请携带户口本原件；超过16周岁的游客若没有办理身份证，请在户口所在地开出相关身份证明，以免影响登机或酒店入住。出行前请务必检查自己证件的有效期",
      "目的地可能有部分私人经营的娱乐、消费场所，此类组织多数无合法经营资质，存在各种隐患。为了您的安全和健康考虑，携程提醒您谨慎消费"
    ],
    "violation_terms": {
      "agency_violation": [
        "行程开始当日| 60%",
        "如按上述比例支付的违约金不足以赔偿旅游者的实际损失，旅行社应当按实际损失对旅游者予以赔偿。"
      ],
      "tourist_violation": [
        "行程开始当日| 60%",
        "如按上述约定比例扣除的必要的费用低于实际发生的费用，旅游者按照实际发生的费用支付，但最高额不应当超过旅游费用总额。因部分旅游资源需提前预订的特殊性，本产品线路在旅行社成团后至出行前6天外取消的，也将产生实际损失，具体损失包括但不限于机票、酒店等，如旅游者需要取消订单，应及时联系旅行社，旅行社除协助旅游者减损并退还未实际发生的损失费用外不再承担其他赔偿责任。"
      ]
    },
    "travel_guide": [
      "为了您能够平安顺利的完成本次旅游行程，请您仔细阅读[ 【西藏旅游须知】](https://pages.ctrip.com/tour/250418/%E8%A5%BF%E8%97%8F.pdf)",
      "进藏前2-3天需要有良好的睡眠，不可过度熬夜，以免增加抵达西藏的不适。有心理负担的、处于亚健康或有暗疾的、或者进藏后有不适情况的，请前往医院就医",
      "因西藏线路行车时间较长，建议准备一些类如巧克力、牛肉干的食品备用",
      "进藏当天需要在宾馆静心休息，晚上尽量不要洗澡，以免感冒引起肺水肿或因缺氧加剧高原反应。无不良反应的客人也应尽量不剧烈运动，不喝酒、抽烟，以保证后面的行程圆满完成",
      "出入境的行李物品免税额度、申报制度、物品的分类原则和计税价格等政策，详情可访问中华人民共和国海关总署网站",
      "乘坐国内航班的旅客，居民身份证过期不能继续使用。若有效期满的，可以凭临时居民身份证或公安机关出具的贴有本人近期免冠证件照、并加盖户籍专用章、注明有效期的《申领居民身份证回执》作为有效乘机身份证件替代使用。同时中华人民共和国护照可以作为有效乘机身份证件，办理国内航班购票、值机、安检手续；旅客乘坐国内航班，办理购票、值机、安检手续时，应当使用同一个有效乘机身份证件。中国大陆地区居民使用往来港澳通行证、往来台湾通行证乘坐国内航班的旅客，必须同时提供居民身份证或者民用机场公安机关签发的《乘坐民航飞机临时身份证明》才可办理登机手续。 特别提醒：凡是乘机的16周岁以下中国大陆地区居民（包含婴儿），务必出示包括出生证明、户口薄或户口所在地公安机关出具的身份证明（16周岁以下的人需在户籍所在地派出所出具身份证明，机场派出所无法开具临时证明）才可办理登机手续。 具体实施细则以机场相关部门指导意见为准"
    ],
    "safety_tips": [
      "禁忌提示：请尊重当地的饮食习惯、习俗禁忌、宗教礼仪等，入乡随俗，融入当地的民风民情",
      "为了您人身、财产的安全，请您避免在公开场合暴露贵重物品及大量现金。上街时需时刻看管好首饰、相机等随身物品",
      "游泳、漂流、潜水、滑雪、溜冰、戏雪、冲浪、探险、热气球、高山索道等活动项目，均存在危险。参与前请根据自身条件，并充分参考当地相关部门及其它专业机构的相关公告和建议后量力而行",
      "携程从出行常识、旅游活动（风险性项目）和特殊人群三方面为您提供旅游安全指南，请您仔细阅读[ 安全指南及警示](https://vacations.ctrip.com/notes/4939.html)。",
      "为普及旅游安全知识及旅游文明公约，使您的旅程安全顺利圆满完成，特制定[《携程旅游告游客注意事项》](https://pages.ctrip.com/tour/pdf3/20130930.pdf)请您认真阅读并切实遵守，同时上海文化和旅游局推荐您阅读[《文明旅游注意事项》](http://www.shtour.org/npugFPNT3Lc)，让我们一起用文明的方式，探索世界的美好",
      "为确保锂电池的安全运输，避免发生不安全事件，我们友情提醒您，民航局将对旅客携带锂电池乘机进行严格检查。详情请参考[ 民航局关于旅客行李中携带"锂电池、充电宝"乘机规定的公告](https://vacations.ctrip.com/notes/4926.html)。"
    ],
    "payment_info": {
      "supported_methods": [
        "现金",
        "信用卡",
        "网银/第三方",
        "礼品卡",
        "储蓄卡",
        "现金余额",
        "拿去花"
      ],
      "payment_notes": [
        "_付款时间：_ 为确保您的订单资源，请在提交订单时立即付款。 _常见支付方式说明：_ 1、现金支付：上门收款（支持现金、pos机）。 2、信用卡：无需开通网上银行，支持大额支付。客户自行在网上操作或电话下单时根据语音提示操作。 3、网上银行：支持开通网上银行的储蓄卡及信用卡。客户自行在网上操作。 4、第三方：支付宝，银联在线，财付通，微信支付 5、礼品卡支付"
      ]
    },
    "status": "active",
    "created_at": {
      "$env": "now"
    },
    "updated_at": {
      "$env": "now"
    }
  },
  {
    "_id": "booking_policy_62148453",
    "product_id": "62148453",
    "travel_agency_info": {
      "agent": "成都携程国际旅行社有限公司",
      "delegate": "西藏美丽华旅行社有限公司"
    },
    "booking_restrictions": {
      "age_limit": "其他限制| 如产品确认单或补充条款中的约定与旅游合同主协议不一致的，以产品确认单或补充条款为准",
      "group_limit": "* 单人/多人入住政策",
      "other_limit": "多人入住| 本产品可尝试申请3人间或加床服务，如您需3成人入住1间房，在预订时备注，后续是否可以安排及相关费用以员工回复为准（温馨提示：当地酒店面积小，加床可能会引起您的不便）当地酒店政策原因，如2位成人携带2位或2位以上儿童出游，请选择2间房"
    },
    "accommodation_policy": {
      "multi_person": "多人入住| 本产品可尝试申请3人间或加床服务，如您需3成人入住1间房，在预订时备注，后续是否可以安排及相关费用以员工回复为准（温馨提示：当地酒店面积小，加床可能会引起您的不便）当地酒店政策原因，如2位成人携带2位或2位以上儿童出游，请选择2间房"
    },
    "group_info": {
      "group_description": "本产品一单一团，最少成团人数1人，订单一经携程旅行网以书面形式确认后均默认发团，若因旅行社原因未发团，旅行社将按双方合同约定的违约条款予以赔付",
      "departure_notice": "最晚在出行前1天20点，您将收到《出团通知书》（付款时间在出发前1天18点后的，会于出发当天12点前发送）。如未收到请及时联系工作人员。集合时间可参考网站披露，具体请以《出团通知书》或服务人员通知为准"
    },
    "booking_requirements": [
      "如为多人出行，预订人/旅游者代表确认已征得其余全体出行人同意作为本次旅游签约代表，受托人在旅游合同及其附件上的签字全体委托人均予以认可。如您未取得授权，请不要代为预订下单/签署合同",
      "为确保未成年人出行安全，建议未成年出行由监护人陪同或同行者持监护人委托证明",
      "请您在预订时务必提供准确、完整的信息（姓名、性别、证件号码、国籍、联系方式等），以免产生预订错误，影响出行。如因您提供信息错误而造成损失，由您自行承担",
      "本产品目的地海拔较高，有严重高血压、心脏病等疾病的客人及老年客人，请根据自身条件，遵医嘱，谨慎决定是否出行，报名后，请提前备好能够有效缓解因高原反应引起的症状药物，并做好行前各项准备。高原地区气候干燥，日照强烈，紫外线强，建议客人带好墨镜、太阳帽、防晒霜、润唇膏等物品；高原地区早晚温差大，请客人准备长袖衣裤及防寒衣物，另外建议携带感冒药、肠胃药、阿斯匹林、安定、头痛粉等药品，以防高原反应引起的身体不适。行程中，如有身体不适请第一时间通知随团服务人员及旅行社，同时让服务人员协助就医，遵循医嘱",
      "由于西藏旅游团队信息需要备案，烦请在预订时向我司工作人员提供出行人的如下信息：身份证的签发机关、身份证上的住址以及身份证的有效期限（少数民族客人，请注明民族）。",
      "如若您的户籍属于或曾属于藏区（西藏自治区及四川、云南、甘肃、青海、内蒙的藏族自治州、自治县、自治村）或新疆籍，因目的地原因无法协助代办边防证，需您自行在户籍所在地办理后再报名（工作日一般当天可出签，具体以当地实际情况为准），如有不便，敬请谅解",
      "出游过程中，如遇不可抗力因素造成景点/场馆未能正常游玩/参观，服务人员经与您协商一致后可根据实际情况取消或更换该景点/场馆，或由服务人员在现场按旅游产品中的门票价退还费用（退费不以景区/场馆挂牌价为准），敬请谅解",
      "本产品行程实际出行中，在不减少景点/场馆且征得您同意的前提下，随团服务人员、司机可能会根据天气、交通等情况，对您的行程进行适当调整（如调整景点/场馆的游览/参观顺序、变更集合时间等），以确保行程顺利进行",
      "布达拉宫门票是每日限量销售，参观时间可能提前或延后，因此参观布达拉宫时间可能会影响到整体线路游览顺序的调整。参观布达拉宫游客必须携带本人有效身份证原件。因参观布宫实行实名制，游客名单入藏前已上传至布宫相关部门审核，并随机打乱顺序，游客参观布宫有可能会出现不能与结伴者同一时间进入参观游览，会出现按时间段分批分拨进入布宫的现象，也会出现等待时间较长的情况，敬请谅解",
      "因当地经济条件有限，交通、酒店服务及设施、餐饮等方面与发达城市相比会有一定的差距，敬请谅解",
      "植物类景观（枫叶、樱花、油菜花等），可能会因天气原因导致观花不佳等情况，敬请谅解",
      "本产品全程不含购物店行程（景区景点/场馆及邮轮内等非携程商家组织的购物不包括在内），无任何购物强制消费，若擅自增加购物活动，一经查实，我司将向您赔付旅游费用总额10%的违约金",
      "在旅游行程中，个别景区景点/场馆、餐厅、休息区等地存在非旅行社安排的购物场所。携程提醒您根据自身需要，理性消费并索要凭证。如产生消费争议，将由您自行承担，敬请谅解",
      "本产品涉及高海拔行程，心肺、贫血、高血压Ⅱ期等疾病患者及孕妇，建议充分评估自身情况后选择",
      "持军官证、老年证、学生证等其他符合景区/场馆门票优惠政策条件的游客，出行时请携带好证件原件，具体门票可享优惠政策及优惠金额以服务人员现场评估为准",
      "出行期间请随身携带本人的有效身份证原件，未满16周岁者请携带户口本原件；超过16周岁的游客若没有办理身份证，请在户口所在地开出相关身份证明，以免影响登机或酒店入住。出行前请务必检查自己证件的有效期"
    ],
    "violation_terms": {
      "agency_violation": [
        "行程开始当日| 60%",
        "如按上述比例支付的违约金不足以赔偿旅游者的实际损失，旅行社应当按实际损失对旅游者予以赔偿。"
      ],
      "tourist_violation": [
        "行程开始当日| 60%",
        "如按上述约定比例扣除的必要的费用低于实际发生的费用，旅游者按照实际发生的费用支付，但最高额不应当超过旅游费用总额。因部分旅游资源需提前预订的特殊性，本产品线路在旅行社成团后至出行前6天外取消的，也将产生实际损失，具体损失包括但不限于机票、酒店等，如旅游者需要取消订单，应及时联系旅行社，旅行社除协助旅游者减损并退还未实际发生的损失费用外不再承担其他赔偿责任。"
      ]
    },
    "travel_guide": [
      "为了您能够平安顺利的完成本次旅游行程，请您仔细阅读[ 【西藏旅游须知】](https://pages.ctrip.com/tour/250418/%E8%A5%BF%E8%97%8F.pdf)",
      "进藏前2-3天需要有良好的睡眠，不可过度熬夜，以免增加抵达西藏的不适。有心理负担的、处于亚健康或有暗疾的、或者进藏后有不适情况的，请前往医院就医",
      "因西藏线路行车时间较长，建议准备一些类如巧克力、牛肉干的食品备用",
      "进藏当天需要在宾馆静心休息，晚上尽量不要洗澡，以免感冒引起肺水肿或因缺氧加剧高原反应。无不良反应的客人也应尽量不剧烈运动，不喝酒、抽烟，以保证后面的行程圆满完成",
      "出入境的行李物品免税额度、申报制度、物品的分类原则和计税价格等政策，详情可访问中华人民共和国海关总署网站"
    ],
    "safety_tips": [
      "禁忌提示：请尊重当地的饮食习惯、习俗禁忌、宗教礼仪等，入乡随俗，融入当地的民风民情",
      "为了您人身、财产的安全，请您避免在公开场合暴露贵重物品及大量现金。上街时需时刻看管好首饰、相机等随身物品",
      "游泳、漂流、潜水、滑雪、溜冰、戏雪、冲浪、探险、热气球、高山索道等活动项目，均存在危险。参与前请根据自身条件，并充分参考当地相关部门及其它专业机构的相关公告和建议后量力而行",
      "携程从出行常识、旅游活动（风险性项目）和特殊人群三方面为您提供旅游安全指南，请您仔细阅读[ 安全指南及警示](https://vacations.ctrip.com/notes/4939.html)。",
      "为普及旅游安全知识及旅游文明公约，使您的旅程安全顺利圆满完成，特制定[《携程旅游告游客注意事项》](https://pages.ctrip.com/tour/pdf3/20130930.pdf)请您认真阅读并切实遵守，同时上海文化和旅游局推荐您阅读[《文明旅游注意事项》](http://www.shtour.org/npugFPNT3Lc)，让我们一起用文明的方式，探索世界的美好",
      "为确保锂电池的安全运输，避免发生不安全事件，我们友情提醒您，民航局将对旅客携带锂电池乘机进行严格检查。详情请参考[ 民航局关于旅客行李中携带"锂电池、充电宝"乘机规定的公告](https://vacations.ctrip.com/notes/4926.html)。"
    ],
    "payment_info": {
      "supported_methods": [
        "现金",
        "信用卡",
        "网银/第三方",
        "礼品卡",
        "储蓄卡",
        "现金余额",
        "拿去花"
      ],
      "payment_notes": [
        "_付款时间：_ 为确保您的订单资源，请在提交订单时立即付款。 _常见支付方式说明：_ 1、现金支付：上门收款（支持现金、pos机）。 2、信用卡：无需开通网上银行，支持大额支付。客户自行在网上操作或电话下单时根据语音提示操作。 3、网上银行：支持开通网上银行的储蓄卡及信用卡。客户自行在网上操作。 4、第三方：支付宝，银联在线，财付通，微信支付 5、礼品卡支付"
      ]
    },
    "status": "active",
    "created_at": {
      "$env": "now"
    },
    "updated_at": {
      "$env": "now"
    }
  },
  {
    "_id": "booking_policy_62148447",
    "product_id": "62148447",
    "travel_agency_info": {
      "agent": "成都携程国际旅行社有限公司",
      "delegate": "西藏美丽华旅行社有限公司"
    },
    "booking_restrictions": {
      "age_limit": "其他限制| 如产品确认单或补充条款中的约定与旅游合同主协议不一致的，以产品确认单或补充条款为准",
      "group_limit": "* 单人/多人入住政策",
      "other_limit": "多人入住| 本产品可尝试申请3人间或加床服务，如您需3成人入住1间房，在预订时备注，后续是否可以安排及相关费用以员工回复为准（温馨提示：当地酒店面积小，加床可能会引起您的不便）当地酒店政策原因，如2位成人携带2位或2位以上儿童出游，请选择2间房"
    },
    "accommodation_policy": {
      "multi_person": "多人入住| 本产品可尝试申请3人间或加床服务，如您需3成人入住1间房，在预订时备注，后续是否可以安排及相关费用以员工回复为准（温馨提示：当地酒店面积小，加床可能会引起您的不便）当地酒店政策原因，如2位成人携带2位或2位以上儿童出游，请选择2间房"
    },
    "group_info": {
      "group_description": "本产品一单一团，最少成团人数1人，订单一经携程旅行网以书面形式确认后均默认发团，若因旅行社原因未发团，旅行社将按双方合同约定的违约条款予以赔付",
      "departure_notice": "最晚在出行前1天20点，您将收到《出团通知书》（付款时间在出发前1天18点后的，会于出发当天12点前发送）。如未收到请及时联系工作人员。集合时间可参考网站披露，具体请以《出团通知书》或服务人员通知为准"
    },
    "booking_requirements": [
      "如为多人出行，预订人/旅游者代表确认已征得其余全体出行人同意作为本次旅游签约代表，受托人在旅游合同及其附件上的签字全体委托人均予以认可。如您未取得授权，请不要代为预订下单/签署合同",
      "为确保未成年人出行安全，建议未成年出行由监护人陪同或同行者持监护人委托证明",
      "请您在预订时务必提供准确、完整的信息（姓名、性别、证件号码、国籍、联系方式等），以免产生预订错误，影响出行。如因您提供信息错误而造成损失，由您自行承担",
      "本产品目的地海拔较高，有严重高血压、心脏病等疾病的客人及老年客人，请根据自身条件，遵医嘱，谨慎决定是否出行，报名后，请提前备好能够有效缓解因高原反应引起的症状药物，并做好行前各项准备。高原地区气候干燥，日照强烈，紫外线强，建议客人带好墨镜、太阳帽、防晒霜、润唇膏等物品；高原地区早晚温差大，请客人准备长袖衣裤及防寒衣物，另外建议携带感冒药、肠胃药、阿斯匹林、安定、头痛粉等药品，以防高原反应引起的身体不适。行程中，如有身体不适请第一时间通知随团服务人员及旅行社，同时让服务人员协助就医，遵循医嘱",
      "由于西藏旅游团队信息需要备案，烦请在预订时向我司工作人员提供出行人的如下信息：身份证的签发机关、身份证上的住址以及身份证的有效期限（少数民族客人，请注明民族）。",
      "如若您的户籍属于或曾属于藏区（西藏自治区及四川、云南、甘肃、青海、内蒙的藏族自治州、自治县、自治村）或新疆籍，因目的地原因无法协助代办边防证，需您自行在户籍所在地办理后再报名（工作日一般当天可出签，具体以当地实际情况为准），如有不便，敬请谅解",
      "出游过程中，如遇不可抗力因素造成景点/场馆未能正常游玩/参观，服务人员经与您协商一致后可根据实际情况取消或更换该景点/场馆，或由服务人员在现场按旅游产品中的门票价退还费用（退费不以景区/场馆挂牌价为准），敬请谅解",
      "本产品行程实际出行中，在不减少景点/场馆且征得您同意的前提下，随团服务人员、司机可能会根据天气、交通等情况，对您的行程进行适当调整（如调整景点/场馆的游览/参观顺序、变更集合时间等），以确保行程顺利进行",
      "布达拉宫门票是每日限量销售，参观时间可能提前或延后，因此参观布达拉宫时间可能会影响到整体线路游览顺序的调整。参观布达拉宫游客必须携带本人有效身份证原件。因参观布宫实行实名制，游客名单入藏前已上传至布宫相关部门审核，并随机打乱顺序，游客参观布宫有可能会出现不能与结伴者同一时间进入参观游览，会出现按时间段分批分拨进入布宫的现象，也会出现等待时间较长的情况，敬请谅解",
      "因当地经济条件有限，交通、酒店服务及设施、餐饮等方面与发达城市相比会有一定的差距，敬请谅解",
      "植物类景观（枫叶、樱花、油菜花等），可能会因天气原因导致观花不佳等情况，敬请谅解",
      "本产品全程不含购物店行程（景区景点/场馆及邮轮内等非携程商家组织的购物不包括在内），无任何购物强制消费，若擅自增加购物活动，一经查实，我司将向您赔付旅游费用总额10%的违约金",
      "在旅游行程中，个别景区景点/场馆、餐厅、休息区等地存在非旅行社安排的购物场所。携程提醒您根据自身需要，理性消费并索要凭证。如产生消费争议，将由您自行承担，敬请谅解",
      "本产品涉及高海拔行程，心肺、贫血、高血压Ⅱ期等疾病患者及孕妇，建议充分评估自身情况后选择",
      "持军官证、老年证、学生证等其他符合景区/场馆门票优惠政策条件的游客，出行时请携带好证件原件，具体门票可享优惠政策及优惠金额以服务人员现场评估为准",
      "出行期间请随身携带本人的有效身份证原件，未满16周岁者请携带户口本原件；超过16周岁的游客若没有办理身份证，请在户口所在地开出相关身份证明，以免影响登机或酒店入住。出行前请务必检查自己证件的有效期"
    ],
    "violation_terms": {
      "agency_violation": [
        "行程开始当日| 60%",
        "如按上述比例支付的违约金不足以赔偿旅游者的实际损失，旅行社应当按实际损失对旅游者予以赔偿。"
      ],
      "tourist_violation": [
        "行程开始当日| 60%",
        "如按上述约定比例扣除的必要的费用低于实际发生的费用，旅游者按照实际发生的费用支付，但最高额不应当超过旅游费用总额。因部分旅游资源需提前预订的特殊性，本产品线路在旅行社成团后至出行前6天外取消的，也将产生实际损失，具体损失包括但不限于机票、酒店等，如旅游者需要取消订单，应及时联系旅行社，旅行社除协助旅游者减损并退还未实际发生的损失费用外不再承担其他赔偿责任。"
      ]
    },
    "travel_guide": [
      "为了您能够平安顺利的完成本次旅游行程，请您仔细阅读[ 【西藏旅游须知】](https://pages.ctrip.com/tour/250418/%E8%A5%BF%E8%97%8F.pdf)",
      "进藏前2-3天需要有良好的睡眠，不可过度熬夜，以免增加抵达西藏的不适。有心理负担的、处于亚健康或有暗疾的、或者进藏后有不适情况的，请前往医院就医",
      "因西藏线路行车时间较长，建议准备一些类如巧克力、牛肉干的食品备用",
      "进藏当天需要在宾馆静心休息，晚上尽量不要洗澡，以免感冒引起肺水肿或因缺氧加剧高原反应。无不良反应的客人也应尽量不剧烈运动，不喝酒、抽烟，以保证后面的行程圆满完成",
      "出入境的行李物品免税额度、申报制度、物品的分类原则和计税价格等政策，详情可访问中华人民共和国海关总署网站"
    ],
    "safety_tips": [
      "禁忌提示：请尊重当地的饮食习惯、习俗禁忌、宗教礼仪等，入乡随俗，融入当地的民风民情",
      "为了您人身、财产的安全，请您避免在公开场合暴露贵重物品及大量现金。上街时需时刻看管好首饰、相机等随身物品",
      "游泳、漂流、潜水、滑雪、溜冰、戏雪、冲浪、探险、热气球、高山索道等活动项目，均存在危险。参与前请根据自身条件，并充分参考当地相关部门及其它专业机构的相关公告和建议后量力而行",
      "携程从出行常识、旅游活动（风险性项目）和特殊人群三方面为您提供旅游安全指南，请您仔细阅读[ 安全指南及警示](https://vacations.ctrip.com/notes/4939.html)。",
      "为普及旅游安全知识及旅游文明公约，使您的旅程安全顺利圆满完成，特制定[《携程旅游告游客注意事项》](https://pages.ctrip.com/tour/pdf3/20130930.pdf)请您认真阅读并切实遵守，同时上海文化和旅游局推荐您阅读[《文明旅游注意事项》](http://www.shtour.org/npugFPNT3Lc)，让我们一起用文明的方式，探索世界的美好",
      "为确保锂电池的安全运输，避免发生不安全事件，我们友情提醒您，民航局将对旅客携带锂电池乘机进行严格检查。详情请参考[ 民航局关于旅客行李中携带"锂电池、充电宝"乘机规定的公告](https://vacations.ctrip.com/notes/4926.html)。"
    ],
    "payment_info": {
      "supported_methods": [
        "现金",
        "信用卡",
        "网银/第三方",
        "礼品卡",
        "储蓄卡",
        "现金余额",
        "拿去花"
      ],
      "payment_notes": [
        "_付款时间：_ 为确保您的订单资源，请在提交订单时立即付款。 _常见支付方式说明：_ 1、现金支付：上门收款（支持现金、pos机）。 2、信用卡：无需开通网上银行，支持大额支付。客户自行在网上操作或电话下单时根据语音提示操作。 3、网上银行：支持开通网上银行的储蓄卡及信用卡。客户自行在网上操作。 4、第三方：支付宝，银联在线，财付通，微信支付 5、礼品卡支付"
      ]
    },
    "status": "active",
    "created_at": {
      "$env": "now"
    },
    "updated_at": {
      "$env": "now"
    }
  },
  {
    "_id": "booking_policy_62148448",
    "product_id": "62148448",
    "travel_agency_info": {
      "agent": "成都携程国际旅行社有限公司",
      "delegate": "西藏美丽华旅行社有限公司"
    },
    "booking_restrictions": {
      "age_limit": "其他限制| 如产品确认单或补充条款中的约定与旅游合同主协议不一致的，以产品确认单或补充条款为准",
      "group_limit": "* 单人/多人入住政策",
      "other_limit": "多人入住| 本产品可尝试申请3人间或加床服务，如您需3成人入住1间房，在预订时备注，后续是否可以安排及相关费用以员工回复为准（温馨提示：当地酒店面积小，加床可能会引起您的不便）当地酒店政策原因，如2位成人携带2位或2位以上儿童出游，请选择2间房"
    },
    "accommodation_policy": {
      "multi_person": "多人入住| 本产品可尝试申请3人间或加床服务，如您需3成人入住1间房，在预订时备注，后续是否可以安排及相关费用以员工回复为准（温馨提示：当地酒店面积小，加床可能会引起您的不便）当地酒店政策原因，如2位成人携带2位或2位以上儿童出游，请选择2间房"
    },
    "group_info": {
      "group_description": "本产品一单一团，最少成团人数1人，订单一经携程旅行网以书面形式确认后均默认发团，若因旅行社原因未发团，旅行社将按双方合同约定的违约条款予以赔付",
      "departure_notice": "最晚在出行前1天20点，您将收到《出团通知书》（付款时间在出发前1天18点后的，会于出发当天12点前发送）。如未收到请及时联系工作人员。集合时间可参考网站披露，具体请以《出团通知书》或服务人员通知为准"
    },
    "booking_requirements": [
      "如为多人出行，预订人/旅游者代表确认已征得其余全体出行人同意作为本次旅游签约代表，受托人在旅游合同及其附件上的签字全体委托人均予以认可。如您未取得授权，请不要代为预订下单/签署合同",
      "为确保未成年人出行安全，建议未成年出行由监护人陪同或同行者持监护人委托证明",
      "请您在预订时务必提供准确、完整的信息（姓名、性别、证件号码、国籍、联系方式等），以免产生预订错误，影响出行。如因您提供信息错误而造成损失，由您自行承担",
      "本产品目的地海拔较高，有严重高血压、心脏病等疾病的客人及老年客人，请根据自身条件，遵医嘱，谨慎决定是否出行，报名后，请提前备好能够有效缓解因高原反应引起的症状药物，并做好行前各项准备。高原地区气候干燥，日照强烈，紫外线强，建议客人带好墨镜、太阳帽、防晒霜、润唇膏等物品；高原地区早晚温差大，请客人准备长袖衣裤及防寒衣物，另外建议携带感冒药、肠胃药、阿斯匹林、安定、头痛粉等药品，以防高原反应引起的身体不适。行程中，如有身体不适请第一时间通知随团服务人员及旅行社，同时让服务人员协助就医，遵循医嘱",
      "由于西藏旅游团队信息需要备案，烦请在预订时向我司工作人员提供出行人的如下信息：身份证的签发机关、身份证上的住址以及身份证的有效期限（少数民族客人，请注明民族）。",
      "如若您的户籍属于或曾属于藏区（西藏自治区及四川、云南、甘肃、青海、内蒙的藏族自治州、自治县、自治村）或新疆籍，因目的地原因无法协助代办边防证，需您自行在户籍所在地办理后再报名（工作日一般当天可出签，具体以当地实际情况为准），如有不便，敬请谅解",
      "出游过程中，如遇不可抗力因素造成景点/场馆未能正常游玩/参观，服务人员经与您协商一致后可根据实际情况取消或更换该景点/场馆，或由服务人员在现场按旅游产品中的门票价退还费用（退费不以景区/场馆挂牌价为准），敬请谅解",
      "本产品行程实际出行中，在不减少景点/场馆且征得您同意的前提下，随团服务人员、司机可能会根据天气、交通等情况，对您的行程进行适当调整（如调整景点/场馆的游览/参观顺序、变更集合时间等），以确保行程顺利进行",
      "布达拉宫门票是每日限量销售，参观时间可能提前或延后，因此参观布达拉宫时间可能会影响到整体线路游览顺序的调整。参观布达拉宫游客必须携带本人有效身份证原件。因参观布宫实行实名制，游客名单入藏前已上传至布宫相关部门审核，并随机打乱顺序，游客参观布宫有可能会出现不能与结伴者同一时间进入参观游览，会出现按时间段分批分拨进入布宫的现象，也会出现等待时间较长的情况，敬请谅解",
      "因当地经济条件有限，交通、酒店服务及设施、餐饮等方面与发达城市相比会有一定的差距，敬请谅解",
      "植物类景观（枫叶、樱花、油菜花等），可能会因天气原因导致观花不佳等情况，敬请谅解",
      "本产品全程不含购物店行程（景区景点/场馆及邮轮内等非携程商家组织的购物不包括在内），无任何购物强制消费，若擅自增加购物活动，一经查实，我司将向您赔付旅游费用总额10%的违约金",
      "在旅游行程中，个别景区景点/场馆、餐厅、休息区等地存在非旅行社安排的购物场所。携程提醒您根据自身需要，理性消费并索要凭证。如产生消费争议，将由您自行承担，敬请谅解",
      "本产品涉及高海拔行程，心肺、贫血、高血压Ⅱ期等疾病患者及孕妇，建议充分评估自身情况后选择",
      "持军官证、老年证、学生证等其他符合景区/场馆门票优惠政策条件的游客，出行时请携带好证件原件，具体门票可享优惠政策及优惠金额以服务人员现场评估为准",
      "出行期间请随身携带本人的有效身份证原件，未满16周岁者请携带户口本原件；超过16周岁的游客若没有办理身份证，请在户口所在地开出相关身份证明，以免影响登机或酒店入住。出行前请务必检查自己证件的有效期"
    ],
    "violation_terms": {
      "agency_violation": [
        "行程开始当日| 60%",
        "如按上述比例支付的违约金不足以赔偿旅游者的实际损失，旅行社应当按实际损失对旅游者予以赔偿。"
      ],
      "tourist_violation": [
        "行程开始当日| 60%",
        "如按上述约定比例扣除的必要的费用低于实际发生的费用，旅游者按照实际发生的费用支付，但最高额不应当超过旅游费用总额。因部分旅游资源需提前预订的特殊性，本产品线路在旅行社成团后至出行前6天外取消的，也将产生实际损失，具体损失包括但不限于机票、酒店等，如旅游者需要取消订单，应及时联系旅行社，旅行社除协助旅游者减损并退还未实际发生的损失费用外不再承担其他赔偿责任。"
      ]
    },
    "travel_guide": [
      "为了您能够平安顺利的完成本次旅游行程，请您仔细阅读[ 【西藏旅游须知】](https://pages.ctrip.com/tour/250418/%E8%A5%BF%E8%97%8F.pdf)",
      "进藏前2-3天需要有良好的睡眠，不可过度熬夜，以免增加抵达西藏的不适。有心理负担的、处于亚健康或有暗疾的、或者进藏后有不适情况的，请前往医院就医",
      "因西藏线路行车时间较长，建议准备一些类如巧克力、牛肉干的食品备用",
      "进藏当天需要在宾馆静心休息，晚上尽量不要洗澡，以免感冒引起肺水肿或因缺氧加剧高原反应。无不良反应的客人也应尽量不剧烈运动，不喝酒、抽烟，以保证后面的行程圆满完成",
      "出入境的行李物品免税额度、申报制度、物品的分类原则和计税价格等政策，详情可访问中华人民共和国海关总署网站"
    ],
    "safety_tips": [
      "禁忌提示：请尊重当地的饮食习惯、习俗禁忌、宗教礼仪等，入乡随俗，融入当地的民风民情",
      "为了您人身、财产的安全，请您避免在公开场合暴露贵重物品及大量现金。上街时需时刻看管好首饰、相机等随身物品",
      "游泳、漂流、潜水、滑雪、溜冰、戏雪、冲浪、探险、热气球、高山索道等活动项目，均存在危险。参与前请根据自身条件，并充分参考当地相关部门及其它专业机构的相关公告和建议后量力而行",
      "携程从出行常识、旅游活动（风险性项目）和特殊人群三方面为您提供旅游安全指南，请您仔细阅读[ 安全指南及警示](https://vacations.ctrip.com/notes/4939.html)。",
      "为普及旅游安全知识及旅游文明公约，使您的旅程安全顺利圆满完成，特制定[《携程旅游告游客注意事项》](https://pages.ctrip.com/tour/pdf3/20130930.pdf)请您认真阅读并切实遵守，同时上海文化和旅游局推荐您阅读[《文明旅游注意事项》](http://www.shtour.org/npugFPNT3Lc)，让我们一起用文明的方式，探索世界的美好",
      "为确保锂电池的安全运输，避免发生不安全事件，我们友情提醒您，民航局将对旅客携带锂电池乘机进行严格检查。详情请参考[ 民航局关于旅客行李中携带"锂电池、充电宝"乘机规定的公告](https://vacations.ctrip.com/notes/4926.html)。"
    ],
    "payment_info": {
      "supported_methods": [
        "现金",
        "信用卡",
        "网银/第三方",
        "礼品卡",
        "储蓄卡",
        "现金余额",
        "拿去花"
      ],
      "payment_notes": [
        "_付款时间：_ 为确保您的订单资源，请在提交订单时立即付款。 _常见支付方式说明：_ 1、现金支付：上门收款（支持现金、pos机）。 2、信用卡：无需开通网上银行，支持大额支付。客户自行在网上操作或电话下单时根据语音提示操作。 3、网上银行：支持开通网上银行的储蓄卡及信用卡。客户自行在网上操作。 4、第三方：支付宝，银联在线，财付通，微信支付 5、礼品卡支付"
      ]
    },
    "status": "active",
    "created_at": {
      "$env": "now"
    },
    "updated_at": {
      "$env": "now"
    }
  },
  {
    "_id": "booking_policy_62148449",
    "product_id": "62148449",
    "travel_agency_info": {
      "agent": "成都携程国际旅行社有限公司",
      "delegate": "西藏美丽华旅行社有限公司"
    },
    "booking_restrictions": {
      "age_limit": "其他限制| 如产品确认单或补充条款中的约定与旅游合同主协议不一致的，以产品确认单或补充条款为准",
      "group_limit": "* 单人/多人入住政策",
      "other_limit": "多人入住| 本产品可尝试申请3人间或加床服务"
    },
    "accommodation_policy": {
      "multi_person": "多人入住| 本产品可尝试申请3人间或加床服务"
    },
    "group_info": {
      "group_description": "本产品一单一团，最少成团人数1人",
      "departure_notice": "最晚在出行前1天20点，您将收到《出团通知书》"
    },
    "booking_requirements": [
      "如为多人出行，预订人/旅游者代表确认已征得其余全体出行人同意",
      "为确保未成年人出行安全，建议未成年出行由监护人陪同",
      "请您在预订时务必提供准确、完整的信息"
    ],
    "violation_terms": {
      "agency_violation": [
        "行程开始当日| 60%"
      ],
      "tourist_violation": [
        "行程开始当日| 60%"
      ]
    },
    "travel_guide": [
      "为了您能够平安顺利的完成本次旅游行程，请您仔细阅读西藏旅游须知"
    ],
    "safety_tips": [
      "禁忌提示：请尊重当地的饮食习惯、习俗禁忌、宗教礼仪等"
    ],
    "payment_info": {
      "supported_methods": [
        "现金",
        "信用卡",
        "网银/第三方",
        "礼品卡"
      ],
      "payment_notes": [
        "为确保您的订单资源，请在提交订单时立即付款"
      ]
    },
    "status": "active",
    "created_at": {
      "$env": "now"
    },
    "updated_at": {
      "$env": "now"
    }
  },
  {
    "_id": "booking_policy_62148450",
    "product_id": "62148450",
    "travel_agency_info": {
      "agent": "成都携程国际旅行社有限公司",
      "delegate": "西藏美丽华旅行社有限公司"
    },
    "booking_restrictions": {
      "age_limit": "其他限制| 如产品确认单或补充条款中的约定与旅游合同主协议不一致的，以产品确认单或补充条款为准",
      "group_limit": "* 单人/多人入住政策",
      "other_limit": "多人入住| 本产品可尝试申请3人间或加床服务"
    },
    "accommodation_policy": {
      "multi_person": "多人入住| 本产品可尝试申请3人间或加床服务"
    },
    "group_info": {
      "group_description": "本产品一单一团，最少成团人数1人",
      "departure_notice": "最晚在出行前1天20点，您将收到《出团通知书》"
    },
    "booking_requirements": [
      "如为多人出行，预订人/旅游者代表确认已征得其余全体出行人同意",
      "为确保未成年人出行安全，建议未成年出行由监护人陪同",
      "请您在预订时务必提供准确、完整的信息"
    ],
    "violation_terms": {
      "agency_violation": [
        "行程开始当日| 60%"
      ],
      "tourist_violation": [
        "行程开始当日| 60%"
      ]
    },
    "travel_guide": [
      "为了您能够平安顺利的完成本次旅游行程，请您仔细阅读西藏旅游须知"
    ],
    "safety_tips": [
      "禁忌提示：请尊重当地的饮食习惯、习俗禁忌、宗教礼仪等"
    ],
    "payment_info": {
      "supported_methods": [
        "现金",
        "信用卡",
        "网银/第三方",
        "礼品卡"
      ],
      "payment_notes": [
        "为确保您的订单资源，请在提交订单时立即付款"
      ]
    },
    "status": "active",
    "created_at": {
      "$env": "now"
    },
    "updated_at": {
      "$env": "now"
    }
  },
  {
    "_id": "booking_policy_62148451",
    "product_id": "62148451",
    "travel_agency_info": {
      "agent": "成都携程国际旅行社有限公司",
      "delegate": "西藏美丽华旅行社有限公司"
    },
    "booking_restrictions": {
      "age_limit": "其他限制| 如产品确认单或补充条款中的约定与旅游合同主协议不一致的，以产品确认单或补充条款为准",
      "group_limit": "* 单人/多人入住政策",
      "other_limit": "多人入住| 本产品可尝试申请3人间或加床服务"
    },
    "accommodation_policy": {
      "multi_person": "多人入住| 本产品可尝试申请3人间或加床服务"
    },
    "group_info": {
      "group_description": "本产品一单一团，最少成团人数1人",
      "departure_notice": "最晚在出行前1天20点，您将收到《出团通知书》"
    },
    "booking_requirements": [
      "如为多人出行，预订人/旅游者代表确认已征得其余全体出行人同意",
      "为确保未成年人出行安全，建议未成年出行由监护人陪同",
      "请您在预订时务必提供准确、完整的信息"
    ],
    "violation_terms": {
      "agency_violation": [
        "行程开始当日| 60%"
      ],
      "tourist_violation": [
        "行程开始当日| 60%"
      ]
    },
    "travel_guide": [
      "为了您能够平安顺利的完成本次旅游行程，请您仔细阅读西藏旅游须知"
    ],
    "safety_tips": [
      "禁忌提示：请尊重当地的饮食习惯、习俗禁忌、宗教礼仪等"
    ],
    "payment_info": {
      "supported_methods": [
        "现金",
        "信用卡",
        "网银/第三方",
        "礼品卡"
      ],
      "payment_notes": [
        "为确保您的订单资源，请在提交订单时立即付款"
      ]
    },
    "status": "active",
    "created_at": {
      "$env": "now"
    },
    "updated_at": {
      "$env": "now"
    }
  }
]