[
  {
    "IndexName": "product_id_unique",
    "MgoKeySchema": {
      "MgoIndexKeys": [
        {
          "Name": "product_id",
          "Direction": "1"
        }
      ],
      "MgoIsUnique": true
    }
  },
  {
    "IndexName": "status_updated_at",
    "MgoKeySchema": {
      "MgoIndexKeys": [
        {
          "Name": "status",
          "Direction": "1"
        },
        {
          "Name": "updated_at",
          "Direction": "-1"
        }
      ],
      "MgoIsUnique": false
    }
  },
  {
    "IndexName": "created_at_desc",
    "MgoKeySchema": {
      "MgoIndexKeys": [
        {
          "Name": "created_at",
          "Direction": "-1"
        }
      ],
      "MgoIsUnique": false
    }
  }
] 