[
  {
    "IndexName": "share_code",
    "MgoKeySchema": {
      "MgoIndexKeys": [
        {
          "Name": "share_code",
          "Direction": "1"
        }
      ],
      "MgoIsUnique": true
    }
  },
  {
    "IndexName": "status_created_at",
    "MgoKeySchema": {
      "MgoIndexKeys": [
        {
          "Name": "status",
          "Direction": "1"
        },
        {
          "Name": "created_at",
          "Direction": "-1"
        }
      ],
      "MgoIsUnique": false
    }
  },
  {
    "IndexName": "issue_type_status",
    "MgoKeySchema": {
      "MgoIndexKeys": [
        {
          "Name": "issue_type",
          "Direction": "1"
        },
        {
          "Name": "status",
          "Direction": "1"
        }
      ],
      "MgoIsUnique": false
    }
  },
  {
    "IndexName": "auto_issue_condition",
    "MgoKeySchema": {
      "MgoIndexKeys": [
        {
          "Name": "auto_issue_condition",
          "Direction": "1"
        }
      ],
      "MgoIsUnique": false
    }
  }
] 