[
  {
    "IndexName": "order_no",
    "MgoKeySchema": {
      "MgoIndexKeys": [
        {
          "Name": "order_no",
          "Direction": "1"
        }
      ],
      "MgoIsUnique": true
    }
  },
  {
    "IndexName": "user_id",
    "MgoKeySchema": {
      "MgoIndexKeys": [
        {
          "Name": "user_id",
          "Direction": "1"
        }
      ],
      "MgoIsUnique": false
    }
  },
  {
    "IndexName": "product_id",
    "MgoKeySchema": {
      "MgoIndexKeys": [
        {
          "Name": "product_id",
          "Direction": "1"
        }
      ],
      "MgoIsUnique": false
    }
  },
  {
    "IndexName": "status",
    "MgoKeySchema": {
      "MgoIndexKeys": [
        {
          "Name": "status",
          "Direction": "1"
        }
      ],
      "MgoIsUnique": false
    }
  },
  {
    "IndexName": "created_at",
    "MgoKeySchema": {
      "MgoIndexKeys": [
        {
          "Name": "created_at",
          "Direction": "-1"
        }
      ],
      "MgoIsUnique": false
    }
  },
  {
    "IndexName": "paid_at",
    "MgoKeySchema": {
      "MgoIndexKeys": [
        {
          "Name": "paid_at",
          "Direction": "-1"
        }
      ],
      "MgoIsUnique": false
    }
  },
  {
    "IndexName": "departure_date",
    "MgoKeySchema": {
      "MgoIndexKeys": [
        {
          "Name": "departure_date",
          "Direction": "1"
        }
      ],
      "MgoIsUnique": false
    }
  },
  {
    "IndexName": "user_status",
    "MgoKeySchema": {
      "MgoIndexKeys": [
        {
          "Name": "user_id",
          "Direction": "1"
        },
        {
          "Name": "status",
          "Direction": "1"
        }
      ],
      "MgoIsUnique": false
    }
  },
  {
    "IndexName": "ctrip_sync",
    "MgoKeySchema": {
      "MgoIndexKeys": [
        {
          "Name": "ctrip_sync.is_synced",
          "Direction": "1"
        }
      ],
      "MgoIsUnique": false
    }
  }
]