[
  {
    "_id": "product_41767537",
    "product_id": "41767537",
    "title": "拉萨+林芝+雅鲁藏布大峡谷+南迦巴瓦峰+巴松措+羊卓雍措+纳木措8日7晚私家团",
    "subtitle": "雅鲁藏布大峡谷·鲁朗景区·巴松措·拉萨河·羊卓雍错·卡若拉冰川·纳木措·那根拉山口·布达拉宫·八廓街",
    "price": 8193,
    "child_price": 6554,
    "rating": 4.7,
    "product_images": [
      "https://dimg04.c-ctrip.com/images/0301o12000cohado01331.webp",
      "https://dimg04.c-ctrip.com/images/0305g12000cohaa4t763A.webp",
      "https://dimg04.c-ctrip.com/images/100b11000000r48we269D.webp",
      "https://dimg04.c-ctrip.com/images/0301e12000c1obxat5EF5.webp",
      "https://dimg04.c-ctrip.com/images/0306212000d9izco3B773.webp",
      "https://dimg04.c-ctrip.com/images/0303112000cqmlbi25371.webp"
    ],
    "detail_images": [
      "https://dimg04.c-ctrip.com/images/0300x1200095nmmkl7036.png",
      "https://dimg04.c-ctrip.com/images/0302u12000l57z2etCA78.jpg",
      "https://dimg04.c-ctrip.com/images/0300q12000l582fd38ED8.jpg",
      "https://dimg04.c-ctrip.com/images/0303y12000jw4kzoa209C.jpg",
      "https://dimg04.c-ctrip.com/images/0EQ0312000kutox7k3F24_C_160_160.jpg",
      "https://dimg04.c-ctrip.com/images/0EQ0512000kusznf27FB6_C_160_160.jpg",
      "https://dimg04.c-ctrip.com/images/0EQ2112000kutenss2D1A_C_160_160.jpg",
      "https://dimg04.c-ctrip.com/images/0EQ5i12000kut4i13C145_C_160_160.jpg"
    ],
    "overview": {
      "guide": "",
      "transport": "",
      "activities": "",
      "accommodation": "",
      "meals": ""
    },
    "features": [
      "精选酒店 全程精选5钻酒店，索松村宿网红桃花韵，私享南迦巴瓦峰，住宿不将就",
      "缤纷景点 藏地老司机带队，随车配氧气，车型任选，安全有保障，代办边防证，赠无人机航拍，24小时微信管家服务"
    ],
    "cost_info": {
      "transport": "用车：随团游览期间用车费用；，以下单预定车型为准接送：目的地专车接送服务",
      "accommodation": "行程所列酒店住宿费用",
      "meals": "成人包含8次：7早餐 1午餐",
      "tickets": "行程中所列景点/场馆首道大门票。",
      "service": "仅安排中文司机负责行程活动中接待服务不提供景区/场馆讲解"
    },
    "status": 1,
    "sort_order": 100,
    "view_count": 1250,
    "sales_count": 86,
    "review_count": 42,
    "crawl_timestamp": "2025-06-19T03:27:22.632702"
  },
  {
    "_id": "product_54780693",
    "product_id": "54780693",
    "title": "拉萨+布达拉宫+阿里+珠峰大本营+冈仁波齐10日9晚私家团",
    "subtitle": "布达拉宫·八廓街·羊卓雍错·卡若拉冰川·扎什伦布寺·318国道5000km纪念碑·冈仁波齐·玛旁雍措·古格王国遗址·札达土林国家地质公园‌·纳木那尼峰·马泉河·珠穆朗玛峰国家公园·珠穆朗玛峰·加乌拉·嘉措拉山口",
    "price": 16451,
    "child_price": 13161,
    "rating": 4.9,
    "product_images": [
      "https://dimg04.c-ctrip.com/images/0306512000eyt0zuq0FA0.webp",
      "https://dimg04.c-ctrip.com/images/0303z12000cus23dqD266.webp",
      "https://dimg04.c-ctrip.com/images/0301c12000e1k5qi041C0.webp",
      "https://dimg04.c-ctrip.com/images/0305y12000ctlrq5u166B.webp",
      "https://dimg04.c-ctrip.com/images/0302s12000e1k468aCC67.webp",
      "https://dimg04.c-ctrip.com/images/0306412000b5tzakp8D31.webp",
      "https://dimg04.c-ctrip.com/images/0301812000975p9esE38E.webp",
      "https://dimg04.c-ctrip.com/images/0302212000dd77pt11BB3.webp",
      "https://dimg04.c-ctrip.com/images/0303012000dxa4msoDFCD.webp",
      "https://dimg04.c-ctrip.com/images/0307412000dxajxah0BAB.webp"
    ],
    "detail_images": [
      "https://dimg04.c-ctrip.com/images/0301l12000idw5f149234.jpg",
      "https://dimg04.c-ctrip.com/images/0300z12000iddv5hdF97F.jpg",
      "https://dimg04.c-ctrip.com/images/0301v12000idduxx722B9.jpg",
      "https://dimg04.c-ctrip.com/images/0302712000iddv5ba1476.jpg",
      "https://dimg04.c-ctrip.com/images/0302r12000iddv3eo1B29.jpg",
      "https://dimg04.c-ctrip.com/images/0300312000iddyr1b47D7.jpg",
      "https://dimg04.c-ctrip.com/images/0304v12000iddymn73DEF.jpg",
      "https://dimg04.c-ctrip.com/images/0300o12000iddyozl9972.jpg"
    ],
    "overview": {
      "guide": "含司机服务（不含导游）; 仅安排中文司机负责行程活动中接待服务不提供景区/场馆讲解; 全部87位󰃹; * 以上为近期带过本团的司机（具体司机以实际分配为准）",
      "transport": "含行中专属用车(自由活动时间除外), 不拼车, 经济5座起",
      "activities": "26个景点/场馆 详情; 全部景点/场馆不含儿童票; 无购物",
      "accommodation": "含7晚4钻酒店（1晚平措康桑）,2晚酒店/民宿 详情",
      "meals": "成人含9早餐，19次自理; 儿童28次自理"
    },
    "features": [
      "缤纷景点 🏨全程供氧酒店：精选酒店榜单高分好评酒店，优选珠峰平措+冈仁波齐观景酒店，舒适住宿保障出行。"
    ],
    "cost_info": {
      "transport": "用车：随团游览期间用车费用；，以下单预定车型为准去程从行程描述出发地到拉萨机票（已含机建、燃油税）返程从拉萨到行程描述到达地机票（已含机建、燃油税）行程首末日的目的地专车接送机（站/指定点）服务",
      "accommodation": "行程所列酒店住宿费用",
      "meals": "成人包含9早餐，19次自理; 儿童28次自理"
    },
    "status": 1,
    "sort_order": 95,
    "view_count": 850,
    "sales_count": 23,
    "review_count": 15,
    "crawl_timestamp": "2025-06-20T07:47:14.881344"
  },
  {
    "_id": "product_62148453",
    "product_id": "62148453",
    "title": "拉萨+林芝+雅鲁藏布大峡谷+南迦巴瓦峰+巴松措+羊卓雍错+纳木措8日7晚私家团",
    "subtitle": "雅鲁藏布大峡谷·拉萨河·鲁朗景区·巴松措·羊卓雍错·卡若拉冰川·纳木措·那根拉山口·布达拉宫·八廓街",
    "price": 7116,
    "child_price": 5693,
    "rating": 4.8,
    "product_images": [
      "https://dimg04.c-ctrip.com/images/0305g12000cohaa4t763A.webp",
      "https://dimg04.c-ctrip.com/images/0305e12000l41e75x6C2B.webp",
      "https://dimg04.c-ctrip.com/images/fd/tg/g2/M05/8B/B7/CghzgVWw7B2AaliwACk34IvyPZg811.webp",
      "https://dimg04.c-ctrip.com/images/100b11000000r48we269D.webp",
      "https://dimg04.c-ctrip.com/images/0301e12000c1obxat5EF5.webp",
      "https://dimg04.c-ctrip.com/images/0306212000d9izco3B773.webp"
    ],
    "detail_images": [
      "https://dimg04.c-ctrip.com/images/0102712000jgsqqsz0A39_C_360_202.jpg",
      "https://dimg04.c-ctrip.com/images/fd/tg/g4/M05/CB/30/CggYHVZzrUGAKPhNABwIGJ16XYQ767_C_360_202.jpg",
      "https://dimg04.c-ctrip.com/images/fd/tg/g2/M0B/88/77/CghzgFWwtHKASigXAARxbuLqKMg514_C_360_202.jpg",
      "https://dimg04.c-ctrip.com/images/10091f000001gspay403F_C_360_202.jpg",
      "https://dimg04.c-ctrip.com/images/0105612000f9f5f6i2E68_C_360_202.jpg",
      "https://dimg04.c-ctrip.com/images/0101q120009fojckm3126_C_360_202.jpg",
      "https://dimg04.c-ctrip.com/images/0105r12000jz93v7k4277_C_360_202.jpg",
      "https://dimg04.c-ctrip.com/images/100t0n000000e0np229A3_C_360_202.jpg"
    ],
    "overview": {
      "guide": "含金牌导游讲解服务（布达拉宫-大昭寺一对一讲解）",
      "transport": "含行中专属用车(自由活动时间除外), 不拼车, 经济5座起",
      "activities": "15个景点/场馆，包含雅鲁藏布大峡谷、南迦巴瓦峰、布达拉宫、大昭寺等经典景点",
      "accommodation": "含7晚5钻供氧酒店（1晚索松村观景民宿）",
      "meals": "成人含7早餐，其余自理"
    },
    "features": [
      "精选酒店 全程5钻供氧酒店，索松村观景民宿私享南迦巴瓦峰日落",
      "缤纷景点 藏地老司机带队，随车配氧气，车型任选，安全有保障",
      "金牌导游 赠送布达拉宫-大昭寺专属金牌导游讲解服务，深度了解藏地文化",
      "24小时管家 全程微信群组服务，专属旅行管家24小时在线"
    ],
    "cost_info": {
      "transport": "用车：随团游览期间用车费用，专车接送机/站服务",
      "accommodation": "行程所列酒店住宿费用（7晚5钻供氧酒店+观景民宿）",
      "meals": "成人包含7次早餐",
      "tickets": "行程中所列景点首道大门票（布达拉宫、大昭寺、雅鲁藏布大峡谷、鲁朗林海、巴松措、羊卓雍错、卡若拉冰川、纳木措）",
      "service": "含金牌导游讲解服务，司机全程服务"
    },
    "itinerary": [
      {
        "day": 1,
        "title": "抵达拉萨-专车接机/接站",
        "content": "全天专车接机/接站，入住拉萨5钻供氧酒店，自由适应高原环境",
        "accommodation": "拉萨5钻供氧酒店",
        "meals": "早餐：自理，午餐：自理，晚餐：自理"
      },
      {
        "day": 2,
        "title": "拉萨-雅鲁藏布大峡谷-南迦巴瓦峰-索松村",
        "content": "游览雅鲁藏布大峡谷，观赏南迦巴瓦峰，入住索松村观景民宿",
        "accommodation": "索松村·南迦巴瓦观景酒店",
        "meals": "早餐：包含，午餐：自理，晚餐：自理"
      },
      {
        "day": 3,
        "title": "索松村-色季拉山-鲁朗林海-林芝",
        "content": "翻越色季拉山，游览鲁朗林海、扎西岗村、鲁朗国际旅游小镇",
        "accommodation": "林芝5钻酒店",
        "meals": "早餐：包含，午餐：自理，晚餐：自理"
      },
      {
        "day": 4,
        "title": "林芝-巴松措-拉萨",
        "content": "游览巴松措圣湖，措宗寺，返回拉萨",
        "accommodation": "拉萨5钻供氧酒店",
        "meals": "早餐：包含，午餐：自理，晚餐：自理"
      },
      {
        "day": 5,
        "title": "拉萨-羊卓雍措-卡若拉冰川-拉萨",
        "content": "翻越冈巴拉山，游览羊卓雍错、卡若拉冰川，返回拉萨",
        "accommodation": "拉萨5钻供氧酒店",
        "meals": "早餐：包含，午餐：自理，晚餐：自理"
      },
      {
        "day": 6,
        "title": "拉萨-念青唐古拉山-纳木措-拉萨",
        "content": "翻越那根拉山口，游览纳木措圣湖，欣赏藏北草原风光",
        "accommodation": "拉萨5钻供氧酒店",
        "meals": "早餐：包含，午餐：自理，晚餐：自理"
      },
      {
        "day": 7,
        "title": "布达拉宫-大昭寺-八廓街",
        "content": "金牌导游讲解布达拉宫、大昭寺，漫步八廓街体验藏地文化",
        "accommodation": "拉萨5钻供氧酒店",
        "meals": "早餐：包含，午餐：自理，晚餐：自理"
      },
      {
        "day": 8,
        "title": "拉萨送机/送站",
        "content": "根据航班时间专车送机/送站，结束愉快的西藏之旅",
        "accommodation": "无",
        "meals": "早餐：包含，午餐：自理，晚餐：自理"
      }
    ],
    "status": 1,
    "sort_order": 90,
    "view_count": 2156,
    "sales_count": 127,
    "review_count": 89,
    "crawl_timestamp": "2025-06-20T10:56:30.772805"
  },
  {
    "_id": "product_62408090",
    "product_id": "62408090",
    "title": "林芝+拉萨+日喀则+布达拉宫+羊卓雍错8日7晚私家团",
    "subtitle": "雅鲁藏布大峡谷·南迦巴瓦峰·巴松措·新措·卡定沟·鲁朗景区·色季拉山口·尼洋阁·布达拉宫·大昭寺·八廓街·羊卓雍错·卡若拉冰川·江孜古堡·白居寺·扎什伦布寺",
    "price": 11186,
    "child_price": 8949,
    "rating": 4.6,
    "product_images": [
      "https://dimg04.c-ctrip.com/images/0303112000cqmlbi25371.webp",
      "https://dimg04.c-ctrip.com/images/0307412000dxajxah0BAB.webp",
      "https://dimg04.c-ctrip.com/images/0306u12000h2q65gj136D.webp",
      "https://dimg04.c-ctrip.com/images/100b11000000r48we269D.webp",
      "https://dimg04.c-ctrip.com/images/0301e12000c1obxat5EF5.webp",
      "https://dimg04.c-ctrip.com/images/0306212000d9izco3B773.webp",
      "https://dimg04.c-ctrip.com/images/0304b12000ctggrypC57C.webp",
      "https://dimg04.c-ctrip.com/images/fd/tg/g1/M04/7A/79/CghzfVWwtHCAHYlVAApc2JEIqys964.webp",
      "https://dimg04.c-ctrip.com/images/fd/tg/g2/M03/8C/1D/Cghzf1Ww7L6AZtYSAByeusWtZyk737.webp",
      "https://dimg04.c-ctrip.com/images/0300d12000cnvekiw896D.webp",
      "https://dimg04.c-ctrip.com/images/300b170000010uxa055B1.webp",
      "https://dimg04.c-ctrip.com/images/fd/tg/g2/M05/8B/B7/CghzgVWw7B2AaliwACk34IvyPZg811.webp",
      "https://dimg04.c-ctrip.com/images/0302p12000dckb66rFC07.webp",
      "https://dimg04.c-ctrip.com/images/0303012000dxa4msoDFCD.webp",
      "https://dimg04.c-ctrip.com/images/0305g12000cohaa4t763A.webp",
      "https://dimg04.c-ctrip.com/images/0306p12000enemi1nAD76.webp"
    ],
    "detail_images": [
      "https://dimg04.c-ctrip.com/images/0302u12000l57z2etCA78.jpg",
      "https://dimg04.c-ctrip.com/images/0306r12000jt1iijy7A07.jpg",
      "https://dimg04.c-ctrip.com/images/0307412000j14ws5s5F36.jpg"
    ],
    "overview": {
      "guide": "含司机服务（不含导游）; 仅安排中文司机负责行程活动中接待服务不提供景区/场馆讲解",
      "transport": "含行中专属用车(自由活动时间除外), 不拼车, 经济5座起",
      "activities": "25个景点/场馆 详情; 全部景点/场馆不含儿童票; 无购物",
      "accommodation": "含7晚5钻酒店（1晚松赞） 详情",
      "meals": "成人含7早餐1午餐，13次自理; 儿童含1午餐，20次自理"
    },
    "features": [
      "精选酒店 🏨拉萨市区全程供氧酒店，索松村观景酒店，静候南迦巴瓦日落，可根据您的需求选择升级。",
      "服务保障 🚗西藏本土旅行社，严选藏地老司机带队，随车碳纤维氧气+便携氧气，管够畅吸，无收费套路，使用完免费更换。多种车型任选，可轻松升级奔驰7座&9座车，赠无人机航拍，行程定制化，24小时微信管家服务，全程托管您的悠闲假期。"
    ],
    "cost_info": {
      "transport": "用车：随团游览期间用车费用；;，以下单预定车型为准接送：目的地专车接送服务",
      "accommodation": "行程所列酒店住宿费用",
      "meals": "成人包含8次：7早餐 1午餐",
      "tickets": "行程中所列景点/场馆首道大门票",
      "service": "仅安排中文司机负责行程活动中接待服务不提供景区/场馆讲解"
    },
    "status": 1,
    "sort_order": 85,
    "view_count": 1832,
    "sales_count": 94,
    "review_count": 67,
    "crawl_timestamp": "2025-06-20T07:49:19.032025"
  },
  {
    "_id": "product_62431454",
    "product_id": "62431454",
    "title": "林芝+巴松措+拉萨+布达拉宫+珠峰大本营+纳木措8日7晚私家团",
    "subtitle": "雅鲁藏布大峡谷·南迦巴瓦峰·巴松措·新措·卡定沟·鲁朗景区·色季拉山口·尼洋阁·米拉山口·布达拉宫·大昭寺·八廓街·羊卓雍错·卡若拉冰川·江孜古堡·白居寺·扎什伦布寺·珠峰大本营·绒布寺·嘉措拉山口·纳木措·那根拉山口",
    "price": 9090,
    "child_price": 7272,
    "rating": 4.5,
    "product_images": [
      "https://dimg04.c-ctrip.com/images/0303s12000dwdbkfnEB6E.webp",
      "https://dimg04.c-ctrip.com/images/0302v12000b24twnp1711.webp",
      "https://dimg04.c-ctrip.com/images/fd/tg/g2/M03/8C/1D/Cghzf1Ww7L6AZtYSAByeusWtZyk737.webp",
      "https://dimg04.c-ctrip.com/images/100o04000000093doD499.webp",
      "https://dimg04.c-ctrip.com/images/10010o000000f25vb4321.webp",
      "https://dimg04.c-ctrip.com/images/100n0c00000064wt54149.webp",
      "https://dimg04.c-ctrip.com/images/300b170000010uxa055B1.webp",
      "https://dimg04.c-ctrip.com/images/0301l12000e2w17ikAAE8.webp",
      "https://dimg04.c-ctrip.com/images/0307412000dxajxah0BAB.webp",
      "https://dimg04.c-ctrip.com/images/0306212000d9izco3B773.webp",
      "https://dimg04.c-ctrip.com/images/0301812000975p9esE38E.webp",
      "https://dimg04.c-ctrip.com/images/0303012000dxa4msoDFCD.webp"
    ],
    "detail_images": [
      "https://dimg04.c-ctrip.com/images/0301q12000fuwkvbx4E8B.jpg",
      "https://dimg04.c-ctrip.com/images/0306812000fuwqcc87EDB.jpg",
      "https://dimg04.c-ctrip.com/images/0302l12000fuwqgpkB7D5.jpg",
      "https://dimg04.c-ctrip.com/images/0301i12000fuwqy9j34AA.jpg",
      "https://dimg04.c-ctrip.com/images/0307112000fuwj925F0D5.jpg",
      "https://dimg04.c-ctrip.com/images/0301012000fuwq6dl7348.jpg",
      "https://dimg04.c-ctrip.com/images/0302n12000fuwqm1k89CE.jpg",
      "https://dimg04.c-ctrip.com/images/0303g12000fuwptu7676E.jpg",
      "https://dimg04.c-ctrip.com/images/0306r12000jt1iijy7A07.jpg",
      "https://dimg04.c-ctrip.com/images/0306n12000j4twxpeB5F5.jpg"
    ],
    "overview": {
      "guide": "含司机服务（不含导游）; 仅安排中文司机负责行程活动中接待服务不提供景区/场馆讲解",
      "transport": "含行中专属用车(自由活动时间除外), 不拼车, 经济5座起",
      "activities": "23个景点/场馆 详情; 全部景点/场馆不含儿童票; 无购物",
      "accommodation": "含5晚5钻酒店,1晚4钻酒店,1晚3钻酒店/民宿 详情",
      "meals": "成人含7早餐2晚餐，12次自理; 儿童含2晚餐，19次自理"
    },
    "features": [
      "缤纷景点 林芝入藏，不惧高反+不走回头路，全线升级保障，一次打卡西藏经典景点，巴松措+大峡谷+索松村+日喀则+羊湖+珠峰大本营+纳木措，专属包车随走随停，与美景近距离接触",
      "精选酒店 精选特色酒店，5钻供氧酒店+珠峰平措+索松村观景酒店，坐山观景，尽享舒适旅途",
      "服务保障 西藏本土旅行社，专属定制1V1服务，含空驶费独立包车，安全出行有保障，下单即保障全程氧气管够，代办边防证，安心托管您的假期"
    ],
    "cost_info": {
      "transport": "用车：随团游览期间用车费用；;，以下单预定车型为准接送：目的地专车接送服务",
      "accommodation": "行程所列酒店住宿费用",
      "meals": "成人包含9次：7早餐 2晚餐",
      "tickets": "行程中所列景点/场馆首道大门票",
      "service": "仅安排中文司机负责行程活动中接待服务不提供景区/场馆讲解"
    },
    "status": 1,
    "sort_order": 80,
    "view_count": 1467,
    "sales_count": 78,
    "review_count": 52,
    "crawl_timestamp": "2025-06-20T07:49:07.171255"
  },
  {
    "_id": "product_62609321",
    "product_id": "62609321",
    "title": "林芝+拉萨+布达拉宫+羊卓雍错+纳木措8日7晚私家团",
    "subtitle": "雅鲁藏布大峡谷·鲁朗景区·巴松措·卡定沟·羊卓雍错·卡若拉冰川·纳木措·那根拉山口·布达拉宫·八廓街",
    "price": 10269,
    "child_price": 8215,
    "rating": 4.8,
    "product_images": [
      "https://dimg04.c-ctrip.com/images/0303112000cqmlbi25371.webp",
      "https://dimg04.c-ctrip.com/images/0307412000dxajxah0BAB.webp",
      "https://dimg04.c-ctrip.com/images/0306u12000h2q65gj136D.webp",
      "https://dimg04.c-ctrip.com/images/100b11000000r48we269D.webp",
      "https://dimg04.c-ctrip.com/images/0301e12000c1obxat5EF5.webp",
      "https://dimg04.c-ctrip.com/images/0306212000d9izco3B773.webp",
      "https://dimg04.c-ctrip.com/images/0304b12000ctggrypC57C.webp",
      "https://dimg04.c-ctrip.com/images/fd/tg/g1/M04/7A/79/CghzfVWwtHCAHYlVAApc2JEIqys964.webp",
      "https://dimg04.c-ctrip.com/images/fd/tg/g2/M03/8C/1D/Cghzf1Ww7L6AZtYSAByeusWtZyk737.webp",
      "https://dimg04.c-ctrip.com/images/0300d12000cnvekiw896D.webp",
      "https://dimg04.c-ctrip.com/images/300b170000010uxa055B1.webp",
      "https://dimg04.c-ctrip.com/images/fd/tg/g2/M05/8B/B7/CghzgVWw7B2AaliwACk34IvyPZg811.webp",
      "https://dimg04.c-ctrip.com/images/0302p12000dckb66rFC07.webp",
      "https://dimg04.c-ctrip.com/images/0303012000dxa4msoDFCD.webp",
      "https://dimg04.c-ctrip.com/images/0305g12000cohaa4t763A.webp",
      "https://dimg04.c-ctrip.com/images/0306p12000enemi1nAD76.webp"
    ],
    "detail_images": [
      "https://dimg04.c-ctrip.com/images/0302u12000l57z2etCA78.jpg",
      "https://dimg04.c-ctrip.com/images/0306r12000jt1iijy7A07.jpg",
      "https://dimg04.c-ctrip.com/images/0307412000j14ws5s5F36.jpg"
    ],
    "overview": {
      "guide": "含司机服务（不含导游）; 仅安排中文司机负责行程活动中接待服务不提供景区/场馆讲解",
      "transport": "含行中专属用车(自由活动时间除外), 不拼车, 经济5座起",
      "activities": "24个景点/场馆 详情; 全部景点/场馆不含儿童票; 无购物",
      "accommodation": "含7晚5钻酒店（1晚松赞） 详情",
      "meals": "成人含7早餐1午餐，13次自理; 儿童含1午餐，20次自理"
    },
    "features": [
      "精选酒店 🏨拉萨市区全程供氧酒店，索松村观景酒店，静候南迦巴瓦日落，可根据您的需求选择升级。",
      "服务保障 🚗西藏本土旅行社，严选藏地老司机带队，随车碳纤维氧气+便携氧气，管够畅吸，无收费套路，使用完免费更换。多种车型任选，可轻松升级奔驰7座&9座车，赠无人机航拍，行程定制化，24小时微信管家服务，全程托管您的悠闲假期。"
    ],
    "cost_info": {
      "transport": "用车：随团游览期间用车费用；;，以下单预定车型为准接送：目的地专车接送服务",
      "accommodation": "行程所列酒店住宿费用",
      "meals": "成人包含8次：7早餐 1午餐",
      "tickets": "行程中所列景点/场馆首道大门票",
      "service": "仅安排中文司机负责行程活动中接待服务不提供景区/场馆讲解"
    },
    "status": 1,
    "sort_order": 75,
    "view_count": 1923,
    "sales_count": 103,
    "review_count": 71,
    "crawl_timestamp": "2025-06-20T07:48:41.972900"
  },
  {
    "_id": "product_52751822",
    "product_id": "52751822",
    "title": "拉萨+林芝+山南+白马错+新措+羊卓雍措7日6晚私家团",
    "subtitle": "巴松措·拉萨河·雅鲁藏布大峡谷·南伊沟·拉姆拉措·达古·雅拉香布神山·卡久寺·库拉岗日雪山·白马错·羊卓雍错·普莫雍错",
    "price": 7143,
    "child_price": 5714,
    "rating": 4.4,
    "product_images": [
      "https://dimg04.c-ctrip.com/images/0302e12000axk6zoxB041.webp",
      "https://dimg04.c-ctrip.com/images/0301812000cwix4y19E46.webp",
      "https://dimg04.c-ctrip.com/images/0300p120008yccb1y3402.webp",
      "https://dimg04.c-ctrip.com/images/0304j12000drgxx234C6D.webp",
      "https://dimg04.c-ctrip.com/images/0306b12000ere1ndvE00A.webp",
      "https://dimg04.c-ctrip.com/images/300b170000010uxa055B1.webp",
      "https://dimg04.c-ctrip.com/images/0303612000emcwgvbCC32.webp",
      "https://dimg04.c-ctrip.com/images/0307412000dxajxah0BAB.webp",
      "https://dimg04.c-ctrip.com/images/0303012000dxa4msoDFCD.webp"
    ],
    "detail_images": [
      "https://dimg04.c-ctrip.com/images/0303012000fuqs547BF24.jpg",
      "https://dimg04.c-ctrip.com/images/0306y12000fuqv1w20A90.jpg",
      "https://dimg04.c-ctrip.com/images/0303412000fuquixzCBFE.jpg",
      "https://dimg04.c-ctrip.com/images/0306112000g18m2fyEC70.jpg",
      "https://dimg04.c-ctrip.com/images/0302r12000fuqrd669B13.jpg",
      "https://dimg04.c-ctrip.com/images/0305612000g18p4k17190.jpg",
      "https://dimg04.c-ctrip.com/images/0303512000fur62cn6527.jpg",
      "https://dimg04.c-ctrip.com/images/0306t12000fuqydm2D461.jpg",
      "https://dimg04.c-ctrip.com/images/0301m12000furgv52A22D.jpg",
      "https://dimg04.c-ctrip.com/images/0304212000fq8pym30220.jpg",
      "https://dimg04.c-ctrip.com/images/0301c12000fq8s8z1E3FB.jpg"
    ],
    "overview": {
      "guide": "含司机服务（不含导游）; 仅安排中文司机负责行程活动中接待服务不提供景区/场馆讲解; 全部87位󰃹; * 以上为近期带过本团的司机（具体司机以实际分配为准）",
      "transport": "含行中专属用车(自由活动时间除外), 不拼车, 经济5座起",
      "activities": "24个景点/场馆 详情; 全部景点/场馆不含儿童票; 无购物",
      "accommodation": "含1晚4钻酒店,2晚3钻酒店,1晚3钻酒店/民宿,1晚2钻民宿,1晚客栈或民宿 详情",
      "meals": "成人含6早餐，15次自理; 儿童21次自理"
    },
    "features": [
      "缤纷景点 🌲小众环线·轻徒步，林芝深度游玩巴松措-深入新措，精选大峡谷北岸索松村，静候南迦巴瓦，小众山南-环游拉姆拉错-白马林措-羊湖半环湖，深度探访小众秘境，走进不一样的藏地秘境",
      "精选酒店 🏨全程精选当地高分住宿，优选巴松措+索松村内观景民宿，酒店可轻松升级，舒适住宿，出行住宿不将就。",
      "服务保障 🚗西藏本土旅行社，严选藏地老司机带队，随车氧气畅吸，用完可免费更换，无收费套路，多种车型任选，可轻松升级奔驰7座&9座车，24小时微信管家服务，全程托管您的悠闲假期。"
    ],
    "cost_info": {
      "transport": "用车：随团游览期间用车费用；;，以下单预定车型为准",
      "accommodation": "行程所列酒店住宿费用",
      "meals": "成人包含6次：6早餐",
      "tickets": "行程中所列景点/场馆首道大门票",
      "service": "仅安排中文司机负责行程活动中接待服务不提供景区/场馆讲解"
    },
    "status": 1,
    "sort_order": 70,
    "view_count": 987,
    "sales_count": 45,
    "review_count": 28,
    "crawl_timestamp": "2025-06-20T07:47:37.706120"
  },
  {
    "_id": "product_52616949",
    "product_id": "52616949",
    "title": "拉萨+日喀则+江孜+纳木措+布达拉宫6日5晚私家团",
    "subtitle": "布达拉宫·大昭寺·八廓街·羊卓雍错·卡若拉冰川·江孜古堡·白居寺·扎什伦布寺·纳木措·那根拉山口",
    "price": 6435,
    "child_price": 5148,
    "rating": 4.3,
    "product_images": [
      "https://dimg04.c-ctrip.com/images/0302e12000axk6zoxB041.webp",
      "https://dimg04.c-ctrip.com/images/0301812000cwix4y19E46.webp",
      "https://dimg04.c-ctrip.com/images/0300p120008yccb1y3402.webp",
      "https://dimg04.c-ctrip.com/images/0304j12000drgxx234C6D.webp",
      "https://dimg04.c-ctrip.com/images/0306b12000ere1ndvE00A.webp",
      "https://dimg04.c-ctrip.com/images/300b170000010uxa055B1.webp",
      "https://dimg04.c-ctrip.com/images/0303612000emcwgvbCC32.webp",
      "https://dimg04.c-ctrip.com/images/0307412000dxajxah0BAB.webp",
      "https://dimg04.c-ctrip.com/images/0303012000dxa4msoDFCD.webp"
    ],
    "detail_images": [
      "https://dimg04.c-ctrip.com/images/0303012000fuqs547BF24.jpg",
      "https://dimg04.c-ctrip.com/images/0306y12000fuqv1w20A90.jpg",
      "https://dimg04.c-ctrip.com/images/0303412000fuquixzCBFE.jpg",
      "https://dimg04.c-ctrip.com/images/0306112000g18m2fyEC70.jpg",
      "https://dimg04.c-ctrip.com/images/0302r12000fuqrd669B13.jpg",
      "https://dimg04.c-ctrip.com/images/0305612000g18p4k17190.jpg",
      "https://dimg04.c-ctrip.com/images/0303512000fur62cn6527.jpg",
      "https://dimg04.c-ctrip.com/images/0306t12000fuqydm2D461.jpg",
      "https://dimg04.c-ctrip.com/images/0301m12000furgv52A22D.jpg",
      "https://dimg04.c-ctrip.com/images/0304212000fq8pym30220.jpg",
      "https://dimg04.c-ctrip.com/images/0301c12000fq8s8z1E3FB.jpg"
    ],
    "overview": {
      "guide": "含司机服务（不含导游）; 仅安排中文司机负责行程活动中接待服务不提供景区/场馆讲解; 全部87位󰃹; * 以上为近期带过本团的司机（具体司机以实际分配为准）",
      "transport": "含行中专属用车(自由活动时间除外), 不拼车, 经济5座起",
      "activities": "24个景点/场馆 详情; 全部景点/场馆不含儿童票; 无购物",
      "accommodation": "含1晚4钻酒店,2晚3钻酒店,1晚3钻酒店/民宿,1晚2钻民宿,1晚客栈或民宿 详情",
      "meals": "成人含6早餐，15次自理; 儿童21次自理"
    },
    "features": [
      "缤纷景点 🌲小众环线·轻徒步，林芝深度游玩巴松措-深入新措，精选大峡谷北岸索松村，静候南迦巴瓦，小众山南-环游拉姆拉错-白马林措-羊湖半环湖，深度探访小众秘境，走进不一样的藏地秘境",
      "精选酒店 🏨全程精选当地高分住宿，优选巴松措+索松村内观景民宿，酒店可轻松升级，舒适住宿，出行住宿不将就。",
      "服务保障 🚗西藏本土旅行社，严选藏地老司机带队，随车氧气畅吸，用完可免费更换，无收费套路，多种车型任选，可轻松升级奔驰7座&9座车，24小时微信管家服务，全程托管您的悠闲假期。"
    ],
    "cost_info": {
      "transport": "用车：随团游览期间用车费用；;，以下单预定车型为准",
      "accommodation": "行程所列酒店住宿费用",
      "meals": "成人包含6次：6早餐",
      "tickets": "行程中所列景点/场馆首道大门票",
      "service": "仅安排中文司机负责行程活动中接待服务不提供景区/场馆讲解"
    },
    "status": 1,
    "sort_order": 65,
    "view_count": 987,
    "sales_count": 45,
    "review_count": 28,
    "crawl_timestamp": "2025-06-20T07:47:37.706120"
  }
] 