[
  {
    "IndexName": "product_id_unique",
    "MgoKeySchema": {
      "MgoIndexKeys": [
        {
          "Name": "product_id",
          "Direction": "1"
        }
      ],
      "MgoIsUnique": true
    }
  },
  {
    "IndexName": "status_sort_order",
    "MgoKeySchema": {
      "MgoIndexKeys": [
        {
          "Name": "status", 
          "Direction": "1"
        },
        {
          "Name": "sort_order",
          "Direction": "-1"
        }
      ],
      "MgoIsUnique": false
    }
  },
  {
    "IndexName": "price_number_desc",
    "MgoKeySchema": {
      "MgoIndexKeys": [
        {
          "Name": "price_number",
          "Direction": "-1"
        }
      ],
      "MgoIsUnique": false
    }
  },
  {
    "IndexName": "created_at_desc",
    "MgoKeySchema": {
      "MgoIndexKeys": [
        {
          "Name": "created_at",
          "Direction": "-1"
        }
      ],
      "MgoIsUnique": false
    }
  },
  {
    "IndexName": "view_count_desc", 
    "MgoKeySchema": {
      "MgoIndexKeys": [
        {
          "Name": "view_count",
          "Direction": "-1"
        }
      ],
      "MgoIsUnique": false
    }
  },
  {
    "IndexName": "sales_count_desc",
    "MgoKeySchema": {
      "MgoIndexKeys": [
        {
          "Name": "sales_count", 
          "Direction": "-1"
        }
      ],
      "MgoIsUnique": false
    }
  }
] 