[
  {
    "IndexName": "product_id_created_at",
    "MgoKeySchema": {
      "MgoIndexKeys": [
        {
          "Name": "product_id",
          "Direction": "1"
        },
        {
          "Name": "created_at",
          "Direction": "-1"
        }
      ],
      "MgoIsUnique": false
    }
  },
  {
    "IndexName": "user_id_created_at",
    "MgoKeySchema": {
      "MgoIndexKeys": [
        {
          "Name": "user_id",
          "Direction": "1"
        },
        {
          "Name": "created_at",
          "Direction": "-1"
        }
      ],
      "MgoIsUnique": false
    }
  },
  {
    "IndexName": "status_product_id",
    "MgoKeySchema": {
      "MgoIndexKeys": [
        {
          "Name": "status",
          "Direction": "1"
        },
        {
          "Name": "product_id",
          "Direction": "1"
        }
      ],
      "MgoIsUnique": false
    }
  },
  {
    "IndexName": "rating_desc",
    "MgoKeySchema": {
      "MgoIndexKeys": [
        {
          "Name": "rating",
          "Direction": "-1"
        }
      ],
      "MgoIsUnique": false
    }
  },
  {
    "IndexName": "helpful_count_desc",
    "MgoKeySchema": {
      "MgoIndexKeys": [
        {
          "Name": "helpful_count",
          "Direction": "-1"
        }
      ],
      "MgoIsUnique": false
    }
  },
  {
    "IndexName": "is_real_status",
    "MgoKeySchema": {
      "MgoIndexKeys": [
        {
          "Name": "is_real",
          "Direction": "1"
        },
        {
          "Name": "status",
          "Direction": "1"
        }
      ],
      "MgoIsUnique": false
    }
  }
] 