[
  {
    "_id": "user_coupon_001",
    "user_id": "6860cd8509664cca9817872c",
    "coupon_id": "coupon_1000_3000",
    "coupon_code": "UC20250101001",
    "status": "unused",
    "source_type": "new_user_gift",
    "source_detail": {
      "admin_user": "system"
    },
    "amount": 1000,
    "min_amount": 3000,
    "title": "1000元旅游大礼包",
    "expired_at": 1767225600000,
    "remark": "新用户注册自动发放"
  },
  {
    "_id": "user_coupon_002", 
    "user_id": "6860cd8509664cca9817872c",
    "coupon_id": "coupon_500_1500",
    "coupon_code": "UC20250101002",
    "status": "unused",
    "source_type": "manual",
    "source_detail": {
      "admin_user": "admin"
    },
    "amount": 500,
    "min_amount": 1500,
    "title": "500元感谢券",
    "expired_at": 1767225600000,
    "remark": "手动发放测试券"
  }
] 