[
  {
    "IndexName": "role_id_unique",
    "MgoKeySchema": {
      "MgoIndexKeys": [
        {
          "Name": "role_id",
          "Direction": "1"
        }
      ],
      "MgoIsUnique": true
    }
  },
  {
    "IndexName": "status_level",
    "MgoKeySchema": {
      "MgoIndexKeys": [
        {
          "Name": "status",
          "Direction": "1"
        },
        {
          "Name": "level",
          "Direction": "-1"
        }
      ],
      "MgoIsUnique": false
    }
  }
] 